file,speaker_id,role,score,total_duration_s,num_segments,total_words,avg_segment_duration_s
T-1101-L-Lek1.wav,SPEAKER_01,Teacher,0.7961369616380456,917.5399999999979,541,2883,1.6960073937153382
T-1101-L-Lek1.wav,SPEAKER_02,Student,0.3116977950893953,121.10000000000062,93,425,1.3021505376344154
T-1101-L-Lek1.wav,SPEAKER_03,Student,0.2597881878453206,34.02000000000079,26,96,1.308461538461569
T-1101-L-Lek1.wav,SPEAKER_00,Student,0.2577639178775336,77.66000000000088,42,231,1.84904761904764
T-1101-L-Lek1.wav,UNKNOWN,Student,0.24128863210043852,93.81999999999957,80,264,1.1727499999999946
T-1101-L-Lek1.wav,SPEAKER_04,Student,0.2396153571354355,61.51999999999836,40,193,1.537999999999959
T-1101-L-Lek2.wav,SPEAKER_03,Teacher,0.8154377307736843,1099.0600000000004,712,3487,1.5436235955056186
T-1101-L-Lek2.wav,SPEAKER_05,Student,0.31747429561437396,85.19999999999916,57,261,1.4947368421052485
T-1101-L-Lek2.wav,SPEAKER_00,Student,0.2668022220536034,54.12000000000041,40,162,1.3530000000000102
T-1101-L-Lek2.wav,SPEAKER_02,Student,0.26667478126414423,26.50000000000017,21,83,1.26190476190477
T-1101-L-Lek2.wav,UNKNOWN,Student,0.2300308099954524,33.03999999999943,37,81,0.8929729729729576
T-1101-L-Lek2.wav,SPEAKER_04,Student,0.2250934390566202,35.099999999999966,26,102,1.3499999999999988
T-1101-L-Lek2.wav,SPEAKER_01,Student,0.21101507305608921,33.32000000000039,27,95,1.2340740740740885
T-1101-L-Tutor-1-1.wav,SPEAKER_00,Teacher,0.8134048257372654,267.5199999999996,137,997,1.9527007299270043
T-1101-L-Tutor-1-1.wav,SPEAKER_02,Student,0.33246646773582167,55.25999999999962,44,187,1.2559090909090822
T-1101-L-Tutor-1-1.wav,UNKNOWN,Student,0.2794238084028294,30.439999999999998,26,115,1.1707692307692308
T-1101-L-Tutor-1-1.wav,SPEAKER_01,Student,0.2602506889115303,27.72,23,86,1.2052173913043478
T-1101-L-Tutor-1-4.wav,SPEAKER_00,Teacher,0.7783076529668499,332.54000000000076,150,1119,2.2169333333333383
T-1101-L-Tutor-1-4.wav,UNKNOWN,Student,0.45207849263967137,147.96000000000038,77,494,1.9215584415584464
T-1101-L-Tutor-1-4.wav,SPEAKER_01,Student,0.3686588387393619,70.49999999999991,33,234,2.1363636363636336
T-1101-L-Tutor-1-4.wav,SPEAKER_02,Student,0.28248071032054417,31.84000000000009,12,85,2.653333333333341
T-1103-L-Lek1.wav,SPEAKER_01,Teacher,0.8092502389280498,922.2400000000013,420,2787,2.195809523809527
T-1103-L-Lek1.wav,SPEAKER_00,Student,0.3023133018182192,101.10000000000167,52,240,1.9442307692308014
T-1103-L-Lek1.wav,UNKNOWN,Student,0.24482027596572517,80.52000000000159,56,171,1.4378571428571711
T-1103-L-Lek2.wav,SPEAKER_01,Teacher,0.8023133531207729,757.6400000000011,300,2310,2.5254666666666705
T-1103-L-Lek2.wav,SPEAKER_00,Student,0.36978936130193524,186.56000000000026,80,407,2.3320000000000034
T-1103-L-Lek2.wav,UNKNOWN,Student,0.227830923879726,58.92000000000116,51,140,1.1552941176470817
T-1103-L-Tutor-1-1.wav,SPEAKER_01,Teacher,0.7159089940697283,312.0200000000001,90,557,3.46688888888889
T-1103-L-Tutor-1-1.wav,SPEAKER_00,Student,0.6487445824929509,192.61999999999983,72,612,2.6752777777777754
T-1103-L-Tutor-1-1.wav,UNKNOWN,Student,0.07710680701000365,7.759999999999849,7,16,1.108571428571407
T-1103-L-Tutor-1-4.wav,SPEAKER_00,Teacher,0.7454683302383882,441.97999999999934,172,1253,2.5696511627906937
T-1103-L-Tutor-1-4.wav,SPEAKER_02,Student,0.28312097414381293,26.539999999999885,10,67,2.6539999999999884
T-1103-L-Tutor-1-4.wav,SPEAKER_03,Student,0.2434297440856484,7.640000000000001,2,19,3.8200000000000003
T-1103-L-Tutor-1-4.wav,SPEAKER_01,Student,0.22999156033282225,58.4799999999999,24,129,2.4366666666666625
T-1103-L-Tutor-1-4.wav,UNKNOWN,Student,0.20586832394952548,30.64000000000007,23,90,1.3321739130434813
T-1104-L-Lek1.wav,SPEAKER_00,Teacher,0.7841119060644612,1119.6399999999976,324,2632,3.4556790123456715
T-1104-L-Lek1.wav,SPEAKER_02,Student,0.22265360235555254,23.120000000000005,12,62,1.926666666666667
T-1104-L-Lek1.wav,UNKNOWN,Student,0.2051769078400298,67.91999999999925,55,193,1.2349090909090772
T-1104-L-Lek1.wav,SPEAKER_03,Student,0.17956947026358216,51.4999999999998,20,116,2.57499999999999
T-1104-L-Lek1.wav,SPEAKER_01,Student,0.13554331310037177,38.739999999999775,19,90,2.0389473684210406
T-1104-L-Lek2.wav,SPEAKER_03,Teacher,0.7010695285574207,1227.8799999999937,474,3541,2.590464135021084
T-1104-L-Lek2.wav,SPEAKER_00,Student,0.24832231913760927,23.220000000000013,4,41,5.805000000000003
T-1104-L-Lek2.wav,SPEAKER_02,Student,0.20487800884556712,93.5999999999996,26,134,3.5999999999999845
T-1104-L-Lek2.wav,SPEAKER_04,Student,0.19877427072771672,29.779999999999575,8,72,3.722499999999947
T-1104-L-Lek2.wav,SPEAKER_06,Student,0.1785894745260536,52.42000000000035,29,200,1.8075862068965638
T-1104-L-Lek2.wav,UNKNOWN,Student,0.1542038242648405,54.7600000000011,43,151,1.2734883720930488
T-1104-L-Lek2.wav,SPEAKER_05,Student,0.131055473605344,43.38000000000031,27,161,1.606666666666678
T-1104-L-Lek2.wav,SPEAKER_01,Student,0.11915239276938117,21.199999999999534,14,87,1.514285714285681
T-1104-L-Tutor-1-1.wav,SPEAKER_02,Teacher,0.8163575722813502,471.15999999999894,309,1583,1.5247896440129416
T-1104-L-Tutor-1-1.wav,SPEAKER_01,Student,0.2929144710267535,67.43999999999997,52,189,1.2969230769230764
T-1104-L-Tutor-1-1.wav,SPEAKER_00,Student,0.23185231417429672,11.040000000000106,12,27,0.9200000000000088
T-1104-L-Tutor-1-1.wav,UNKNOWN,Student,0.1944499545294226,12.979999999999954,21,33,0.6180952380952359
T-1104-L-Tutor-1-4.wav,SPEAKER_01,Teacher,0.8131249144661252,510.5999999999974,276,1680,1.8499999999999905
T-1104-L-Tutor-1-4.wav,SPEAKER_00,Student,0.3073109050751192,91.31999999999955,67,319,1.362985074626859
T-1104-L-Tutor-1-4.wav,SPEAKER_02,Student,0.3059988553061703,44.83999999999989,30,135,1.494666666666663
T-1104-L-Tutor-1-4.wav,UNKNOWN,Student,0.16942448245316963,4.179999999999964,7,18,0.597142857142852
T-1106-L-Lek1.wav,SPEAKER_00,Teacher,0.814370897513029,989.8600000000004,642,3512,1.5418380062305301
T-1106-L-Lek1.wav,SPEAKER_04,Student,0.3347311344973089,72.87999999999829,48,256,1.5183333333332978
T-1106-L-Lek1.wav,SPEAKER_02,Student,0.3228367295464902,103.04000000000042,79,359,1.3043037974683598
T-1106-L-Lek1.wav,SPEAKER_05,Student,0.27704323490928084,19.320000000001016,15,67,1.2880000000000678
T-1106-L-Lek1.wav,SPEAKER_06,Student,0.27324134678956463,60.98000000000036,57,257,1.0698245614035151
T-1106-L-Lek1.wav,SPEAKER_07,Student,0.2728590535286058,43.75999999999965,38,165,1.151578947368412
T-1106-L-Lek1.wav,SPEAKER_01,Student,0.27151929891209936,59.64000000000033,48,191,1.2425000000000068
T-1106-L-Lek1.wav,SPEAKER_03,Student,0.26841901708376104,47.219999999999914,43,185,1.0981395348837188
T-1106-L-Lek1.wav,UNKNOWN,Student,0.2205350856986062,31.88000000000062,40,118,0.7970000000000155
T-1106-L-Lek2.wav,SPEAKER_09,Teacher,0.7609844658309581,840.3599999999956,613,2548,1.3708972267536632
T-1106-L-Lek2.wav,SPEAKER_01,Student,0.33508472403493667,54.98000000000064,30,124,1.8326666666666882
T-1106-L-Lek2.wav,SPEAKER_02,Student,0.29464517466017687,72.20000000000033,53,244,1.3622641509434024
T-1106-L-Lek2.wav,UNKNOWN,Student,0.28377953801785755,102.21999999999947,91,295,1.1232967032966974
T-1106-L-Lek2.wav,SPEAKER_06,Student,0.27567469900214436,45.90000000000103,34,145,1.3500000000000303
T-1106-L-Lek2.wav,SPEAKER_11,Student,0.2704145291060699,49.02000000000095,38,171,1.290000000000025
T-1106-L-Lek2.wav,SPEAKER_10,Student,0.26709927074259476,44.85999999999865,35,133,1.2817142857142472
T-1106-L-Lek2.wav,SPEAKER_05,Student,0.250493918371282,21.39999999999992,17,66,1.25882352941176
T-1106-L-Lek2.wav,SPEAKER_03,Student,0.2472976852157088,38.39999999999961,34,124,1.1294117647058708
T-1106-L-Lek2.wav,SPEAKER_00,Student,0.24164790189327431,15.439999999999827,11,60,1.403636363636348
T-1106-L-Lek2.wav,SPEAKER_07,Student,0.2242506685405135,32.1399999999997,21,100,1.5304761904761763
T-1106-L-Lek2.wav,SPEAKER_08,Student,0.20620016618762557,31.66000000000065,23,78,1.3765217391304632
T-1106-L-Lek2.wav,SPEAKER_04,Student,0.20505690178393166,40.22000000000014,29,114,1.3868965517241427
T-1106-L-Tutor-1-1.wav,SPEAKER_02,Teacher,0.7532940940660214,394.75999999999914,244,1338,1.6178688524590128
T-1106-L-Tutor-1-1.wav,SPEAKER_01,Student,0.4795154729781257,166.77999999999992,72,357,2.3163888888888877
T-1106-L-Tutor-1-1.wav,SPEAKER_00,Student,0.28563578572104753,37.31999999999988,22,56,1.696363636363631
T-1106-L-Tutor-1-1.wav,UNKNOWN,Student,0.06148273330241704,5.679999999999879,9,15,0.6311111111110976
T-1106-L-Tutor-1-4.wav,SPEAKER_03,Teacher,0.7863437390236994,263.45999999999924,166,940,1.5871084337349353
T-1106-L-Tutor-1-4.wav,SPEAKER_02,Student,0.551600976609866,157.97999999999942,87,457,1.8158620689655105
T-1106-L-Tutor-1-4.wav,SPEAKER_01,Student,0.3218524628518701,42.21999999999966,33,144,1.279393939393929
T-1106-L-Tutor-1-4.wav,SPEAKER_00,Student,0.3001126658723633,54.29999999999982,45,169,1.2066666666666626
T-1106-L-Tutor-1-4.wav,UNKNOWN,Student,0.13754266403871163,11.719999999999914,11,29,1.0654545454545377
T-1107-L-Lek1.wav,SPEAKER_07,Teacher,0.8092112116825805,895.4600000000008,408,2752,2.194754901960786
T-1107-L-Lek1.wav,UNKNOWN,Student,0.30186552949279144,175.25999999999635,145,568,1.2086896551723887
T-1107-L-Lek1.wav,SPEAKER_06,Student,0.3009621837420055,24.9600000000002,12,92,2.0800000000000165
T-1107-L-Lek1.wav,SPEAKER_04,Student,0.2872348584068401,126.88000000000056,90,404,1.409777777777784
T-1107-L-Lek1.wav,SPEAKER_03,Student,0.2737320742708308,66.2600000000002,42,226,1.5776190476190526
T-1107-L-Lek1.wav,SPEAKER_05,Student,0.2685781664250849,136.01999999999887,80,431,1.7002499999999858
T-1107-L-Lek1.wav,SPEAKER_02,Student,0.2535011745650045,82.68000000000023,42,228,1.9685714285714342
T-1107-L-Lek1.wav,SPEAKER_00,Student,0.24855044695601475,18.0799999999997,12,67,1.5066666666666417
T-1107-L-Lek1.wav,SPEAKER_01,Student,0.2277646715902356,90.99999999999979,51,282,1.784313725490192
T-1107-L-Lek2.wav,SPEAKER_00,Teacher,0.7930838339871196,928.6800000000035,498,2850,1.8648192771084406
T-1107-L-Lek2.wav,SPEAKER_03,Student,0.34689812005036336,168.99999999999955,110,549,1.5363636363636322
T-1107-L-Lek2.wav,UNKNOWN,Student,0.31178318748670036,145.08000000000263,97,343,1.4956701030928106
T-1107-L-Lek2.wav,SPEAKER_04,Student,0.3052830277519373,146.04000000000082,82,463,1.7809756097561076
T-1107-L-Lek2.wav,SPEAKER_02,Student,0.3002127617815285,87.56000000000054,43,233,2.0362790697674544
T-1107-L-Lek2.wav,SPEAKER_07,Student,0.27178682248967406,38.01999999999981,25,137,1.5207999999999924
T-1107-L-Lek2.wav,SPEAKER_06,Student,0.2627821010359491,46.119999999998726,33,143,1.397575757575719
T-1107-L-Lek2.wav,SPEAKER_05,Student,0.2574528091552654,58.41999999999905,47,223,1.242978723404235
T-1107-L-Lek2.wav,SPEAKER_01,Student,0.22608444409453193,31.640000000000526,29,117,1.091034482758639
T-1107-L-Tutor-1-1.wav,SPEAKER_01,Teacher,0.8068921463152232,268.11999999999904,83,738,3.230361445783121
T-1107-L-Tutor-1-1.wav,SPEAKER_00,Student,0.386423968720181,120.18000000000004,48,247,2.5037500000000006
T-1107-L-Tutor-1-1.wav,UNKNOWN,Student,0.19433729570235944,10.059999999999718,8,17,1.2574999999999648
T-1107-L-Tutor-1-4.wav,SPEAKER_00,Teacher,0.757830886404113,167.6599999999995,83,562,2.0199999999999942
T-1107-L-Tutor-1-4.wav,SPEAKER_01,Student,0.6534889388909773,151.33999999999983,57,403,2.6550877192982427
T-1107-L-Tutor-1-4.wav,SPEAKER_04,Student,0.45883325552468984,77.26000000000008,53,302,1.4577358490566052
T-1107-L-Tutor-1-4.wav,SPEAKER_02,Student,0.40581862011612757,54.50000000000014,28,167,1.9464285714285765
T-1107-L-Tutor-1-4.wav,SPEAKER_03,Student,0.28218345500934827,28.96000000000003,26,125,1.113846153846155
T-1107-L-Tutor-1-4.wav,UNKNOWN,Student,0.0974297267149693,10.360000000000014,12,37,0.8633333333333345
T-1109-L-Lek1.wav,SPEAKER_00,Teacher,0.7179290584175918,784.3199999999963,459,2763,1.7087581699346324
T-1109-L-Lek1.wav,SPEAKER_05,Student,0.38933336278984454,192.4599999999995,60,475,3.2076666666666585
T-1109-L-Lek1.wav,SPEAKER_04,Student,0.2973872511187796,83.1999999999997,33,222,2.521212121212112
T-1109-L-Lek1.wav,SPEAKER_03,Student,0.266751441435858,33.63999999999987,12,102,2.8033333333333226
T-1109-L-Lek1.wav,SPEAKER_06,Student,0.24380150680865698,75.77999999999986,42,303,1.804285714285711
T-1109-L-Lek1.wav,SPEAKER_01,Student,0.1910869485264928,28.459999999999496,20,92,1.4229999999999747
T-1109-L-Lek1.wav,UNKNOWN,Student,0.18824500936983726,41.23999999999944,42,143,0.9819047619047486
T-1109-L-Lek1.wav,SPEAKER_02,Student,0.14952634082154853,13.599999999999454,6,39,2.2666666666665756
T-1109-L-Lek2.wav,SPEAKER_02,Teacher,0.771550034149352,955.2000000000032,599,3374,1.5946577629382357
T-1109-L-Lek2.wav,SPEAKER_05,Student,0.30228737394504307,53.700000000000664,31,198,1.7322580645161505
T-1109-L-Lek2.wav,SPEAKER_04,Student,0.2945357982198913,26.419999999999845,14,103,1.8871428571428461
T-1109-L-Lek2.wav,SPEAKER_06,Student,0.2898435106821077,86.56000000000077,61,333,1.4190163934426356
T-1109-L-Lek2.wav,SPEAKER_07,Student,0.2790039417164437,31.039999999999708,19,96,1.6336842105263003
T-1109-L-Lek2.wav,SPEAKER_08,Student,0.26645121314102577,38.08000000000166,26,128,1.4646153846154486
T-1109-L-Lek2.wav,SPEAKER_00,Student,0.252716070187061,60.18000000000137,33,187,1.8236363636364052
T-1109-L-Lek2.wav,SPEAKER_03,Student,0.25218499973021175,68.05999999999925,34,212,2.001764705882331
T-1109-L-Lek2.wav,UNKNOWN,Student,0.2488695258039987,79.70000000000162,73,227,1.0917808219178304
T-1109-L-Lek2.wav,SPEAKER_01,Student,0.1027754036991096,3.0400000000003473,3,9,1.013333333333449
T-1109-L-Tutor-1-1.wav,SPEAKER_01,Teacher,0.7445097038843197,275.95999999999935,161,974,1.7140372670807413
T-1109-L-Tutor-1-1.wav,SPEAKER_00,Student,0.5490206770908389,191.60000000000008,75,449,2.5546666666666678
T-1109-L-Tutor-1-1.wav,UNKNOWN,Student,0.04717556709857593,2.680000000000007,5,9,0.5360000000000014
T-1109-L-Tutor-1-4.wav,SPEAKER_02,Teacher,0.8071675672475618,629.0599999999963,322,2245,1.9536024844720383
T-1109-L-Tutor-1-4.wav,SPEAKER_00,Student,0.35243320339861084,71.29999999999997,36,227,1.9805555555555547
T-1109-L-Tutor-1-4.wav,SPEAKER_01,Student,0.34545644503588746,92.53999999999974,46,246,2.0117391304347767
T-1109-L-Tutor-1-4.wav,UNKNOWN,Student,0.16272985669125895,5.280000000000086,9,17,0.5866666666666762
T-1110-L-Lek1.wav,SPEAKER_09,Teacher,0.64966292451619,887.5000000000038,629,3025,1.4109697933227405
T-1110-L-Lek1.wav,SPEAKER_06,Student,0.253045345128623,7.639999999999986,1,7,7.639999999999986
T-1110-L-Lek1.wav,SPEAKER_07,Student,0.1680795269783359,38.02000000000007,21,111,1.8104761904761937
T-1110-L-Lek1.wav,SPEAKER_08,Student,0.1504013060401853,5.220000000000255,3,17,1.7400000000000848
T-1110-L-Lek1.wav,SPEAKER_02,Student,0.14355160198034295,16.50000000000091,13,64,1.269230769230839
T-1110-L-Lek1.wav,SPEAKER_13,Student,0.1433147002518096,42.53999999999929,33,151,1.2890909090908875
T-1110-L-Lek1.wav,UNKNOWN,Student,0.13921068412190835,22.639999999999688,22,64,1.0290909090908948
T-1110-L-Lek1.wav,SPEAKER_05,Student,0.11802387728215231,26.119999999999436,12,90,2.1766666666666197
T-1110-L-Lek1.wav,SPEAKER_12,Student,0.0919524052349148,37.44000000000051,25,110,1.4976000000000205
T-1110-L-Lek1.wav,SPEAKER_01,Student,0.07226185995029652,24.680000000000064,11,70,2.2436363636363694
T-1110-L-Lek1.wav,SPEAKER_00,Student,0.06375471648293898,23.880000000000358,12,51,1.9900000000000297
T-1110-L-Lek1.wav,SPEAKER_10,Student,0.06158478123938581,6.039999999999964,4,24,1.509999999999991
T-1110-L-Lek1.wav,SPEAKER_11,Student,0.05002597578980191,21.73999999999944,15,62,1.449333333333296
T-1110-L-Lek1.wav,SPEAKER_04,Student,0.04378077658999013,16.93999999999994,13,54,1.3030769230769186
T-1110-L-Lek1.wav,SPEAKER_03,Student,0.027070607705945233,6.1200000000000045,7,29,0.8742857142857149
T-1110-L-Lek2.wav,SPEAKER_01,Teacher,0.798048501319078,747.7000000000012,548,2408,1.3644160583941627
T-1110-L-Lek2.wav,UNKNOWN,Student,0.32591187409555245,107.0199999999985,94,301,1.1385106382978565
T-1110-L-Lek2.wav,SPEAKER_02,Student,0.31086428372152725,55.61999999999978,44,170,1.264090909090904
T-1110-L-Lek2.wav,SPEAKER_05,Student,0.29175368654489364,33.56000000000002,23,74,1.4591304347826095
T-1110-L-Lek2.wav,SPEAKER_03,Student,0.27932713495388034,48.92000000000043,34,154,1.4388235294117773
T-1110-L-Lek2.wav,SPEAKER_00,Student,0.2586438389693692,14.259999999999877,12,57,1.188333333333323
T-1110-L-Lek2.wav,SPEAKER_04,Student,0.2541201435302085,57.25999999999978,40,158,1.4314999999999944
T-1110-L-Tutor-1-1.wav,SPEAKER_00,Teacher,0.764770560975986,275.8999999999994,126,878,2.189682539682535
T-1110-L-Tutor-1-1.wav,SPEAKER_01,Student,0.5447790810104294,187.67999999999952,69,373,2.719999999999993
T-1110-L-Tutor-1-1.wav,UNKNOWN,Student,0.0809975264726149,10.800000000000145,13,33,0.8307692307692419
T-1110-L-Tutor-1-4.wav,SPEAKER_01,Teacher,0.7727621436536887,370.3999999999998,202,1289,1.8336633663366326
T-1110-L-Tutor-1-4.wav,SPEAKER_00,Student,0.43153980102148626,101.59999999999964,44,277,2.309090909090901
T-1110-L-Tutor-1-4.wav,SPEAKER_02,Student,0.3179459999675514,40.299999999999955,22,159,1.8318181818181798
T-1110-L-Tutor-1-4.wav,UNKNOWN,Student,0.08394613483796533,5.279999999999859,6,19,0.8799999999999765
T-1113-L-Lek1.wav,SPEAKER_00,Teacher,0.8122623113818469,1018.6599999999963,333,2754,3.059039039039028
T-1113-L-Lek1.wav,SPEAKER_03,Student,0.2937859092276792,90.63999999999936,33,285,2.7466666666666475
T-1113-L-Lek1.wav,SPEAKER_01,Student,0.2918746992904989,55.4799999999984,23,150,2.4121739130434086
T-1113-L-Lek1.wav,SPEAKER_02,Student,0.22718440355767247,14.580000000000155,7,57,2.082857142857165
T-1113-L-Lek1.wav,UNKNOWN,Student,0.20824844107040083,35.719999999999885,26,103,1.3738461538461495
T-1113-L-Lek2.wav,SPEAKER_00,Teacher,0.776852424801688,482.439999999998,284,1547,1.6987323943661903
T-1113-L-Lek2.wav,SPEAKER_01,Student,0.29963850295742195,79.26000000000045,45,228,1.7613333333333432
T-1113-L-Lek2.wav,UNKNOWN,Student,0.2970041551127747,54.660000000000224,27,98,2.0244444444444527
T-1113-L-Tutor-1-1.wav,SPEAKER_00,Teacher,0.8084556614301656,233.17999999999986,99,817,2.355353535353534
T-1113-L-Tutor-1-1.wav,SPEAKER_01,Student,0.40076677052011583,94.25999999999966,50,267,1.8851999999999933
T-1113-L-Tutor-1-1.wav,UNKNOWN,Student,0.1730980023128797,7.479999999999933,11,20,0.6799999999999939
T-1113-L-Tutor-1-4.wav,SPEAKER_01,Teacher,0.8083963056255247,308.9399999999998,133,1071,2.3228571428571416
T-1113-L-Tutor-1-4.wav,SPEAKER_00,Student,0.43066548590027875,125.44000000000005,80,363,1.5680000000000007
T-1113-L-Tutor-1-4.wav,UNKNOWN,Student,0.2021613894926785,10.219999999999935,10,20,1.0219999999999936
T-1114-L-Lek1.wav,SPEAKER_07,Teacher,0.7425557293191772,1088.2600000000011,575,3639,1.8926260869565237
T-1114-L-Lek1.wav,SPEAKER_06,Student,0.291271151372983,55.63999999999993,19,117,2.9284210526315753
T-1114-L-Lek1.wav,SPEAKER_02,Student,0.266540513185982,32.820000000000164,11,112,2.9836363636363785
T-1114-L-Lek1.wav,SPEAKER_00,Student,0.23658134188625796,16.340000000000032,7,35,2.334285714285719
T-1114-L-Lek1.wav,SPEAKER_01,Student,0.22584801217781592,28.159999999999854,11,62,2.5599999999999867
T-1114-L-Lek1.wav,SPEAKER_05,Student,0.20981498441743304,100.18000000000006,76,361,1.3181578947368429
T-1114-L-Lek1.wav,SPEAKER_03,Student,0.19624543324613097,19.319999999999936,15,73,1.2879999999999958
T-1114-L-Lek1.wav,SPEAKER_04,Student,0.19229674581027664,57.540000000000646,37,158,1.5551351351351526
T-1114-L-Lek1.wav,SPEAKER_08,Student,0.18034098361647993,37.32000000000062,31,168,1.2038709677419555
T-1114-L-Lek1.wav,UNKNOWN,Student,0.1500689794654974,21.600000000000307,17,55,1.2705882352941358
T-1114-L-Lek2.wav,SPEAKER_05,Teacher,0.7803618787388003,840.1200000000058,531,2921,1.5821468926553781
T-1114-L-Lek2.wav,SPEAKER_10,Student,0.3246964702931012,56.53999999999954,31,128,1.8238709677419205
T-1114-L-Lek2.wav,SPEAKER_06,Student,0.29287835149765246,53.26000000000004,33,154,1.6139393939393951
T-1114-L-Lek2.wav,SPEAKER_03,Student,0.2886217255208679,25.479999999999563,15,48,1.6986666666666375
T-1114-L-Lek2.wav,SPEAKER_00,Student,0.2654730905549775,32.3599999999995,24,135,1.3483333333333125
T-1114-L-Lek2.wav,SPEAKER_01,Student,0.2639205378294711,47.85999999999842,37,108,1.2935135135134708
T-1114-L-Lek2.wav,SPEAKER_04,Student,0.2610727120418221,26.180000000000064,14,80,1.8700000000000045
T-1114-L-Lek2.wav,SPEAKER_08,Student,0.2506650237917753,36.61999999999966,20,94,1.830999999999983
T-1114-L-Lek2.wav,UNKNOWN,Student,0.24975693286491746,123.63999999999943,92,312,1.3439130434782547
T-1114-L-Lek2.wav,SPEAKER_07,Student,0.2457202728085839,41.35999999999849,33,134,1.2533333333332877
T-1114-L-Lek2.wav,SPEAKER_11,Student,0.22150999858365447,38.97999999999962,25,127,1.5591999999999848
T-1114-L-Lek2.wav,SPEAKER_09,Student,0.21767043400608416,33.359999999999445,22,105,1.516363636363611
T-1114-L-Lek2.wav,SPEAKER_02,Student,0.19063134444651117,56.43999999999959,38,159,1.4852631578947262
T-1114-L-Tutor-1-1.wav,SPEAKER_01,Teacher,0.8101495900195543,463.0600000000004,54,1061,8.575185185185193
T-1114-L-Tutor-1-1.wav,SPEAKER_00,Student,0.5614779621701462,197.67999999999984,22,404,8.985454545454537
T-1114-L-Tutor-1-1.wav,UNKNOWN,Student,0.08282248863358752,1.3999999999999773,1,4,1.3999999999999773
T-1114-L-Tutor-1-4.wav,SPEAKER_03,Teacher,0.8152796820896562,529.5599999999994,264,1769,2.0059090909090886
T-1114-L-Tutor-1-4.wav,SPEAKER_01,Student,0.47356081705282216,212.12000000000035,127,715,1.6702362204724437
T-1114-L-Tutor-1-4.wav,SPEAKER_04,Student,0.3355318470281837,79.69999999999956,47,253,1.6957446808510546
T-1114-L-Tutor-1-4.wav,SPEAKER_02,Student,0.29163106168053027,30.85999999999994,19,96,1.6242105263157862
T-1114-L-Tutor-1-4.wav,SPEAKER_00,Student,0.15080472674797982,9.980000000000018,7,23,1.4257142857142884
T-1114-L-Tutor-1-4.wav,UNKNOWN,Student,0.055295684168912854,3.140000000000043,6,8,0.5233333333333405
T-1117-L-Lek1.wav,SPEAKER_00,Teacher,0.7986581927709678,972.4600000000004,334,2666,2.911556886227546
T-1117-L-Lek1.wav,SPEAKER_01,Student,0.29977853485770944,196.51999999999953,97,649,2.0259793814432943
T-1117-L-Lek1.wav,UNKNOWN,Student,0.26784444473259456,152.54000000000067,63,270,2.421269841269852
T-1117-L-Lek1.wav,SPEAKER_02,Student,0.2562447127721176,61.500000000000455,29,173,2.1206896551724297
T-1117-L-Lek2.wav,SPEAKER_00,Teacher,0.7673967116614957,1107.8199999999983,594,3181,1.8650168350168321
T-1117-L-Lek2.wav,SPEAKER_02,Student,0.3492816207673645,224.20000000000027,94,653,2.3851063829787265
T-1117-L-Lek2.wav,SPEAKER_01,Student,0.24975578090262168,178.00000000000006,101,480,1.7623762376237628
T-1117-L-Lek2.wav,UNKNOWN,Student,0.22726299427457733,123.78000000000033,95,395,1.3029473684210562
T-1117-L-Tutor-1-1.wav,SPEAKER_01,Teacher,0.808248645073959,277.80000000000007,114,815,2.4368421052631586
T-1117-L-Tutor-1-1.wav,SPEAKER_00,Student,0.5120505597374977,127.61999999999999,55,328,2.3203636363636364
T-1117-L-Tutor-1-1.wav,UNKNOWN,Student,0.2032333102348183,18.78,22,47,0.8536363636363636
T-1117-L-Tutor-1-4.wav,SPEAKER_03,Teacher,0.733325078032803,229.29999999999984,89,672,2.576404494382021
T-1117-L-Tutor-1-4.wav,SPEAKER_00,Student,0.37262033732123273,72.83999999999989,18,172,4.046666666666661
T-1117-L-Tutor-1-4.wav,SPEAKER_01,Student,0.3230795117612122,80.28000000000031,34,283,2.3611764705882443
T-1117-L-Tutor-1-4.wav,UNKNOWN,Student,0.2983508640426695,49.479999999999905,28,149,1.7671428571428538
T-1117-L-Tutor-1-4.wav,SPEAKER_02,Student,0.14652291902138512,23.980000000000473,13,78,1.844615384615421
T-1118-L-Lek1.wav,SPEAKER_02,Teacher,0.8104359867541389,1199.940000000001,457,3141,2.6256892778993457
T-1118-L-Lek1.wav,SPEAKER_04,Student,0.2948345210081493,115.50000000000026,63,396,1.8333333333333375
T-1118-L-Lek1.wav,SPEAKER_06,Student,0.27916727963056137,41.77999999999943,20,145,2.0889999999999715
T-1118-L-Lek1.wav,SPEAKER_01,Student,0.26876445771242957,28.840000000000103,14,68,2.060000000000007
T-1118-L-Lek1.wav,SPEAKER_03,Student,0.261587916449781,46.239999999998645,25,137,1.8495999999999457
T-1118-L-Lek1.wav,SPEAKER_05,Student,0.21488855561551815,70.45999999999992,48,253,1.467916666666665
T-1118-L-Lek1.wav,SPEAKER_00,Student,0.205823805877061,46.88000000000061,27,73,1.7362962962963187
T-1118-L-Lek1.wav,UNKNOWN,Student,0.14211512204718052,20.299999999998974,21,62,0.9666666666666178
T-1118-L-Lek2.wav,SPEAKER_04,Teacher,0.7871500250544043,1046.8399999999965,371,2171,2.8216711590296404
T-1118-L-Lek2.wav,SPEAKER_00,Student,0.3163320286791942,57.300000000000196,18,81,3.1833333333333442
T-1118-L-Lek2.wav,SPEAKER_02,Student,0.2673819810520618,66.63999999999885,21,136,3.1733333333332787
T-1118-L-Lek2.wav,SPEAKER_01,Student,0.2611176152898016,88.95999999999981,30,209,2.965333333333327
T-1118-L-Lek2.wav,SPEAKER_03,Student,0.26043275350820694,65.32000000000001,24,97,2.721666666666667
T-1118-L-Lek2.wav,UNKNOWN,Student,0.23766591381422478,164.9599999999998,79,391,2.0881012658227824
T-1118-L-Tutor-1-1.wav,SPEAKER_00,Teacher,0.8137999550932039,231.53999999999974,144,667,1.6079166666666649
T-1118-L-Tutor-1-1.wav,UNKNOWN,Student,0.13668954494412144,15.720000000000113,19,40,0.8273684210526375
T-1118-L-Tutor-1-4.wav,SPEAKER_00,Teacher,0.8076889279437609,227.1199999999992,106,553,2.142641509433955
T-1118-L-Tutor-1-4.wav,SPEAKER_01,Student,0.5289387341779996,123.07999999999979,63,360,1.9536507936507903
T-1118-L-Tutor-1-4.wav,UNKNOWN,Student,0.16295274862198764,6.380000000000081,4,15,1.5950000000000202
T-1119-L-Lek1.wav,SPEAKER_08,Teacher,0.7666134331345179,1075.520000000005,640,3680,1.6805000000000079
T-1119-L-Lek1.wav,SPEAKER_00,Student,0.27318014420145353,38.31999999999988,18,124,2.1288888888888824
T-1119-L-Lek1.wav,SPEAKER_06,Student,0.2660157297193343,55.49999999999977,36,189,1.5416666666666603
T-1119-L-Lek1.wav,SPEAKER_07,Student,0.26549995497774825,53.360000000000085,32,168,1.6675000000000026
T-1119-L-Lek1.wav,SPEAKER_04,Student,0.26480394591867656,39.52000000000021,23,112,1.7182608695652264
T-1119-L-Lek1.wav,SPEAKER_03,Student,0.26200039432315037,70.81999999999954,45,261,1.5737777777777675
T-1119-L-Lek1.wav,UNKNOWN,Student,0.24905047720310158,77.72000000000058,62,234,1.2535483870967836
T-1119-L-Lek1.wav,SPEAKER_05,Student,0.23733417880455476,52.90000000000049,33,162,1.603030303030318
T-1119-L-Lek1.wav,SPEAKER_02,Student,0.21890299636915625,39.75999999999962,18,134,2.208888888888868
T-1119-L-Lek1.wav,SPEAKER_01,Student,0.2127344281479727,21.380000000000535,19,83,1.125263157894765
T-1119-L-Lek2.wav,SPEAKER_01,Teacher,0.7093450227621358,1046.2800000000016,377,3173,2.7752785145888637
T-1119-L-Lek2.wav,SPEAKER_07,Student,0.2388004612223243,80.79999999999951,26,151,3.107692307692289
T-1119-L-Lek2.wav,SPEAKER_08,Student,0.23319361996258872,17.859999999999786,4,27,4.464999999999947
T-1119-L-Lek2.wav,SPEAKER_04,Student,0.23266550796327787,20.679999999999836,4,70,5.169999999999959
T-1119-L-Lek2.wav,SPEAKER_06,Student,0.21131882528369786,70.5400000000003,16,114,4.408750000000019
T-1119-L-Lek2.wav,SPEAKER_03,Student,0.2086375163356488,91.62000000000006,30,239,3.054000000000002
T-1119-L-Lek2.wav,SPEAKER_00,Student,0.20727185581927074,8.68000000000005,3,26,2.89333333333335
T-1119-L-Lek2.wav,SPEAKER_05,Student,0.20690268051216382,16.839999999999975,3,32,5.613333333333325
T-1119-L-Lek2.wav,SPEAKER_02,Student,0.12784882033665693,49.399999999998954,17,152,2.905882352941115
T-1119-L-Lek2.wav,UNKNOWN,Student,0.10097018353388316,32.27999999999943,23,65,1.4034782608695406
T-1119-L-Tutor-1-1.wav,SPEAKER_00,Teacher,0.6791900471588266,245.91999999999825,97,749,2.535257731958745
T-1119-L-Tutor-1-1.wav,SPEAKER_01,Student,0.6433764013277297,234.04000000000008,51,309,4.589019607843139
T-1119-L-Tutor-1-1.wav,UNKNOWN,Student,0.23684924150362802,55.42000000000052,30,165,1.8473333333333506
T-1119-L-Tutor-1-4.wav,SPEAKER_00,Teacher,0.8099282954225383,465.4399999999991,194,1559,2.399175257731954
T-1119-L-Tutor-1-4.wav,SPEAKER_03,Student,0.4032347428731322,113.22000000000008,52,369,2.1773076923076937
T-1119-L-Tutor-1-4.wav,SPEAKER_02,Student,0.30419576978329477,70.08000000000044,29,181,2.416551724137946
T-1119-L-Tutor-1-4.wav,SPEAKER_01,Student,0.22154809261267636,15.080000000000155,10,52,1.5080000000000156
T-1119-L-Tutor-1-4.wav,UNKNOWN,Student,0.18002184184128928,27.760000000001043,21,68,1.3219047619048117
T-1120-L-Lek1.wav,SPEAKER_02,Teacher,0.7629230971537816,815.3600000000018,295,1975,2.7639322033898366
T-1120-L-Lek1.wav,UNKNOWN,Student,0.3114709286118255,198.940000000003,136,499,1.462794117647081
T-1120-L-Lek1.wav,SPEAKER_01,Student,0.3045158249476455,153.1199999999999,94,419,1.6289361702127647
T-1120-L-Lek1.wav,SPEAKER_00,Student,0.29715371252201017,104.69999999999892,41,268,2.5536585365853397
T-1120-L-Lek1.wav,SPEAKER_04,Student,0.2615923670541052,22.039999999999395,11,81,2.003636363636309
T-1120-L-Lek1.wav,SPEAKER_03,Student,0.2402019988855584,22.239999999999547,13,79,1.710769230769196
T-1120-L-Lek2.wav,SPEAKER_05,Teacher,0.6828397648382004,888.299999999997,333,2406,2.6675675675675588
T-1120-L-Lek2.wav,SPEAKER_01,Student,0.27338804264029,98.73999999999984,27,287,3.657037037037031
T-1120-L-Lek2.wav,SPEAKER_02,Student,0.26235389883585836,141.98000000000062,72,431,1.971944444444453
T-1120-L-Lek2.wav,SPEAKER_00,Student,0.254154575169728,35.68000000000052,7,96,5.097142857142932
T-1120-L-Lek2.wav,UNKNOWN,Student,0.2364072979399674,206.28000000000253,123,377,1.677073170731728
T-1120-L-Lek2.wav,SPEAKER_03,Student,0.20551384268742348,58.34000000000007,22,152,2.651818181818185
T-1120-L-Lek2.wav,SPEAKER_08,Student,0.1837127160034341,40.61999999999929,27,127,1.504444444444418
T-1120-L-Lek2.wav,SPEAKER_07,Student,0.17511898610347887,79.03999999999999,33,280,2.395151515151515
T-1120-L-Lek2.wav,SPEAKER_04,Student,0.14656179090121604,18.04,10,36,1.8039999999999998
T-1120-L-Lek2.wav,SPEAKER_06,Student,0.1083780849215418,36.520000000000095,17,125,2.1482352941176526
T-1120-L-Tutor-1-1.wav,SPEAKER_01,Teacher,0.7874897483424239,256.6399999999997,84,624,3.0552380952380918
T-1120-L-Tutor-1-1.wav,SPEAKER_00,Student,0.45478435131946193,110.82000000000008,46,274,2.4091304347826106
T-1120-L-Tutor-1-1.wav,UNKNOWN,Student,0.20402434386450952,15.240000000000052,14,44,1.0885714285714323
T-1120-L-Tutor-1-4.wav,SPEAKER_00,Teacher,0.7345142547061155,155.5999999999999,100,494,1.5559999999999992
T-1120-L-Tutor-1-4.wav,SPEAKER_01,Student,0.7294554536068147,143.34000000000037,89,435,1.6105617977528133
T-1120-L-Tutor-1-4.wav,SPEAKER_03,Student,0.7241942270657296,154.75999999999993,95,448,1.6290526315789466
T-1120-L-Tutor-1-4.wav,SPEAKER_02,Student,0.6087936886671963,97.99999999999986,60,287,1.6333333333333309
T-1120-L-Tutor-1-4.wav,UNKNOWN,Student,0.2377278589149628,36.679999999999836,35,91,1.0479999999999954
T-1126-L-Lek1.wav,SPEAKER_00,Teacher,0.7257393890944851,957.6599999999999,424,3330,2.2586320754716978
T-1126-L-Lek1.wav,SPEAKER_07,Student,0.24855512316300088,65.9800000000007,27,198,2.4437037037037297
T-1126-L-Lek1.wav,SPEAKER_01,Student,0.24698752070726712,51.04000000000053,13,120,3.926153846153887
T-1126-L-Lek1.wav,SPEAKER_08,Student,0.23497875386930883,57.67999999999972,28,189,2.0599999999999903
T-1126-L-Lek1.wav,SPEAKER_02,Student,0.20911756623732622,85.70000000000132,32,286,2.6781250000000414
T-1126-L-Lek1.wav,SPEAKER_03,Student,0.19425894284400078,41.13999999999953,12,106,3.428333333333294
T-1126-L-Lek1.wav,SPEAKER_06,Student,0.1930566881974626,13.480000000000473,8,46,1.6850000000000591
T-1126-L-Lek1.wav,SPEAKER_05,Student,0.18839103774801422,43.62000000000103,27,145,1.6155555555555936
T-1126-L-Lek1.wav,UNKNOWN,Student,0.18686075293190094,88.71999999999963,38,205,2.3347368421052535
T-1126-L-Lek1.wav,SPEAKER_04,Student,0.13549248338217487,26.140000000001237,18,102,1.452222222222291
T-1126-L-Lek2.wav,SPEAKER_00,Teacher,0.7747306304167758,1177.8800000000006,451,4135,2.611707317073172
T-1126-L-Lek2.wav,SPEAKER_05,Student,0.3017026167818416,98.539999999999,31,214,3.1787096774193224
T-1126-L-Lek2.wav,SPEAKER_02,Student,0.2703115767183964,121.36000000000024,40,297,3.034000000000006
T-1126-L-Lek2.wav,SPEAKER_01,Student,0.2600031645790245,97.72000000000048,34,257,2.8741176470588377
T-1126-L-Lek2.wav,SPEAKER_04,Student,0.24623891184846444,33.44000000000028,16,123,2.0900000000000176
T-1126-L-Lek2.wav,SPEAKER_03,Student,0.22028908192801588,92.30000000000035,38,277,2.428947368421062
T-1126-L-Lek2.wav,UNKNOWN,Student,0.21218840605792874,81.38000000000108,42,203,1.9376190476190733
T-1126-L-Tutor-1-1.wav,SPEAKER_00,Teacher,0.6893575716366084,192.52000000000024,67,707,2.873432835820899
T-1126-L-Tutor-1-1.wav,SPEAKER_01,Student,0.624293867923076,179.55999999999983,26,284,6.90615384615384
T-1126-L-Tutor-1-4.wav,SPEAKER_00,Teacher,0.8083377873635493,229.8199999999999,103,915,2.231262135922329
T-1126-L-Tutor-1-4.wav,SPEAKER_02,Student,0.4341373118221727,77.97999999999982,39,232,1.999487179487175
T-1126-L-Tutor-1-4.wav,SPEAKER_01,Student,0.39363962323991364,56.82000000000037,28,164,2.0292857142857277
T-1126-L-Tutor-1-4.wav,UNKNOWN,Student,0.05236870223483507,3.120000000000033,6,6,0.5200000000000055
T-1205-L-Lek1.wav,SPEAKER_06,Teacher,0.7247351305288197,851.8200000000015,442,2673,1.92719457013575
T-1205-L-Lek1.wav,SPEAKER_01,Student,0.28471808644303714,23.64000000000006,7,54,3.3771428571428657
T-1205-L-Lek1.wav,SPEAKER_08,Student,0.21603794149296407,62.02000000000146,48,224,1.2920833333333637
T-1205-L-Lek1.wav,SPEAKER_04,Student,0.21562792308348158,151.11999999999966,78,400,1.9374358974358932
T-1205-L-Lek1.wav,SPEAKER_05,Student,0.2130934574614621,23.25999999999997,14,78,1.6614285714285693
T-1205-L-Lek1.wav,UNKNOWN,Student,0.20770562580413576,91.02000000000089,95,233,0.9581052631579041
T-1205-L-Lek1.wav,SPEAKER_10,Student,0.20314383383814463,38.140000000000555,29,138,1.3151724137931227
T-1205-L-Lek1.wav,SPEAKER_02,Student,0.20162806654884813,31.199999999999363,23,130,1.3565217391304072
T-1205-L-Lek1.wav,SPEAKER_07,Student,0.1759940832902894,29.180000000000092,30,99,0.9726666666666698
T-1205-L-Lek1.wav,SPEAKER_03,Student,0.14227184419043554,51.16000000000028,27,153,1.8948148148148252
T-1205-L-Lek1.wav,SPEAKER_09,Student,0.13463302921566214,48.75999999999908,38,183,1.2831578947368179
T-1205-L-Lek1.wav,SPEAKER_00,Student,0.10728623905595502,16.500000000000227,10,47,1.6500000000000228
T-1205-L-Lek2.wav,SPEAKER_05,Teacher,0.738589953838059,862.3999999999965,508,2739,1.6976377952755837
T-1205-L-Lek2.wav,SPEAKER_03,Student,0.3221524106371251,211.03999999999954,109,673,1.9361467889908215
T-1205-L-Lek2.wav,SPEAKER_00,Student,0.25204087737287123,63.639999999999446,24,144,2.6516666666666437
T-1205-L-Lek2.wav,SPEAKER_04,Student,0.252038772693046,9.759999999999906,5,18,1.951999999999981
T-1205-L-Lek2.wav,SPEAKER_01,Student,0.2514509058323904,55.16000000000032,35,175,1.5760000000000092
T-1205-L-Lek2.wav,UNKNOWN,Student,0.24860344953207406,122.9599999999995,101,313,1.2174257425742525
T-1205-L-Lek2.wav,SPEAKER_06,Student,0.2247761539288623,94.3799999999997,56,352,1.6853571428571374
T-1205-L-Lek2.wav,SPEAKER_07,Student,0.1898961289284859,39.719999999999885,29,159,1.369655172413789
T-1205-L-Lek2.wav,SPEAKER_02,Student,0.1755046273335112,11.520000000000067,13,47,0.8861538461538513
T-1205-L-Lek2.wav,SPEAKER_08,Student,0.13985548082199512,36.73999999999995,33,132,1.113333333333332
T-1205-L-Tutor-1-1.wav,SPEAKER_00,Teacher,0.7933029875818799,257.5400000000001,117,761,2.201196581196582
T-1205-L-Tutor-1-1.wav,SPEAKER_02,Student,0.4307357887994003,105.1000000000002,44,259,2.388636363636368
T-1205-L-Tutor-1-1.wav,SPEAKER_01,Student,0.2587993336585542,17.020000000000095,9,35,1.8911111111111216
T-1205-L-Tutor-1-1.wav,UNKNOWN,Student,0.0765999732304984,2.539999999999889,3,10,0.8466666666666297
T-1205-L-Tutor-1-4.wav,SPEAKER_01,Teacher,0.7635150553038468,579.0399999999993,291,1752,1.9898281786941556
T-1205-L-Tutor-1-4.wav,SPEAKER_00,Student,0.3277006929625547,5.300000000000068,2,12,2.650000000000034
T-1205-L-Tutor-1-4.wav,SPEAKER_04,Student,0.2708941821914112,22.159999999999798,11,61,2.014545454545436
T-1205-L-Tutor-1-4.wav,SPEAKER_02,Student,0.2646327997981256,70.17999999999945,51,197,1.3760784313725383
T-1205-L-Tutor-1-4.wav,SPEAKER_07,Student,0.2544136001305481,18.379999999999825,10,48,1.8379999999999825
T-1205-L-Tutor-1-4.wav,SPEAKER_06,Student,0.24351881909153408,17.020000000000152,10,51,1.7020000000000153
T-1205-L-Tutor-1-4.wav,SPEAKER_03,Student,0.22270744661822808,51.65999999999978,46,145,1.123043478260865
T-1205-L-Tutor-1-4.wav,SPEAKER_05,Student,0.20973420733487275,45.460000000000065,24,138,1.8941666666666694
T-1205-L-Tutor-1-4.wav,UNKNOWN,Student,0.17130665894199923,13.680000000000064,18,55,0.7600000000000036
T-1208-L-Lek1.wav,SPEAKER_00,Teacher,0.7281668278550983,896.2799999999971,470,2767,1.9069787234042492
T-1208-L-Lek1.wav,SPEAKER_04,Student,0.2510305810408437,68.60000000000082,22,140,3.1181818181818555
T-1208-L-Lek1.wav,SPEAKER_01,Student,0.23948420632482467,89.44000000000085,42,254,2.1295238095238296
T-1208-L-Lek1.wav,SPEAKER_03,Student,0.2254872994460649,21.1400000000001,12,50,1.761666666666675
T-1208-L-Lek1.wav,SPEAKER_02,Student,0.21678829104211034,85.08000000000027,43,251,1.978604651162797
T-1208-L-Lek1.wav,UNKNOWN,Student,0.17538105397370002,109.53999999999945,66,246,1.6596969696969615
T-1208-L-Lek2.wav,SPEAKER_00,Teacher,0.8092195994114381,803.9999999999997,345,2218,2.3304347826086946
T-1208-L-Lek2.wav,SPEAKER_02,Student,0.32627578057232637,107.69999999999882,48,182,2.2437499999999755
T-1208-L-Lek2.wav,UNKNOWN,Student,0.2814134086248585,106.46000000000117,78,257,1.3648717948718099
T-1208-L-Lek2.wav,SPEAKER_01,Student,0.2784097045229131,62.73999999999998,39,180,1.6087179487179482
T-1208-L-Tutor-1-1.wav,SPEAKER_01,Teacher,0.8111851540884543,430.4000000000001,194,1227,2.2185567010309284
T-1208-L-Tutor-1-1.wav,SPEAKER_00,Student,0.3226848443777412,86.36000000000024,44,233,1.9627272727272782
T-1208-L-Tutor-1-1.wav,UNKNOWN,Student,0.10830426312552456,0.6400000000000006,1,1,0.6400000000000006
T-1208-L-Tutor-1-4.wav,SPEAKER_00,Teacher,0.7703145767060777,533.4599999999991,172,1414,3.1015116279069717
T-1208-L-Tutor-1-4.wav,SPEAKER_01,Student,0.27903387608820296,57.879999999999825,31,173,1.8670967741935427
T-1208-L-Tutor-1-4.wav,UNKNOWN,Student,0.1980828277373547,2.9600000000000364,2,6,1.4800000000000182
T-1218-L-Lek1.wav,SPEAKER_01,Teacher,0.810608580252476,1037.7000000000025,519,3166,1.999421965317924
T-1218-L-Lek1.wav,SPEAKER_02,Student,0.35895432162632274,170.82000000000056,96,449,1.779375000000006
T-1218-L-Lek1.wav,SPEAKER_00,Student,0.3146747678008114,57.940000000000964,31,163,1.8690322580645473
T-1218-L-Lek1.wav,UNKNOWN,Student,0.2804909256809246,91.51999999999859,66,225,1.3866666666666454
T-1218-L-Lek2.wav,SPEAKER_00,Teacher,0.7671888104362851,1017.2399999999994,560,3102,1.816499999999999
T-1218-L-Lek2.wav,SPEAKER_03,Student,0.28954075240918414,63.19999999999982,27,116,2.340740740740734
T-1218-L-Lek2.wav,UNKNOWN,Student,0.2534358260874169,96.0999999999996,53,254,1.8132075471698037
T-1218-L-Lek2.wav,SPEAKER_02,Student,0.22579477142431537,11.139999999999873,8,46,1.392499999999984
T-1218-L-Lek2.wav,SPEAKER_01,Student,0.2075484024556907,12.120000000000346,6,41,2.0200000000000577
T-1218-L-Lek2.wav,SPEAKER_04,Student,0.20697973400127628,34.180000000000064,19,116,1.798947368421056
T-1218-L-Lek2.wav,SPEAKER_07,Student,0.20044768959984122,53.30000000000052,44,198,1.2113636363636482
T-1218-L-Lek2.wav,SPEAKER_08,Student,0.17887369361588723,27.500000000000682,20,98,1.3750000000000342
T-1218-L-Lek2.wav,SPEAKER_06,Student,0.15536394510914037,44.48000000000059,29,162,1.5337931034482961
T-1218-L-Lek2.wav,SPEAKER_05,Student,0.1367264887493827,29.45999999999981,21,102,1.4028571428571337
T-1218-L-Tutor-1-1.wav,SPEAKER_00,Teacher,0.7975112730402937,334.09999999999883,151,1187,2.212582781456946
T-1218-L-Tutor-1-1.wav,SPEAKER_01,Student,0.44707552474095374,111.87999999999903,48,348,2.330833333333313
T-1218-L-Tutor-1-1.wav,UNKNOWN,Student,0.23502926020562823,9.979999999999947,7,19,1.4257142857142782
T-1218-L-Tutor-1-4.wav,SPEAKER_00,Teacher,0.8072109483675639,279.8999999999984,142,929,1.9711267605633689
T-1218-L-Tutor-1-4.wav,SPEAKER_03,Student,0.4779370462231178,123.8399999999996,73,380,1.696438356164378
T-1218-L-Tutor-1-4.wav,SPEAKER_04,Student,0.3907111168209872,106.68,61,338,1.7488524590163936
T-1218-L-Tutor-1-4.wav,SPEAKER_02,Student,0.280297536809707,30.45999999999998,25,101,1.2183999999999993
T-1218-L-Tutor-1-4.wav,SPEAKER_01,Student,0.26555130611305666,35.31999999999988,28,140,1.2614285714285671
T-1218-L-Tutor-1-4.wav,UNKNOWN,Student,0.24339200469926628,17.220000000000113,12,42,1.4350000000000094
T-1222-L-Lek1.wav,SPEAKER_00,Teacher,0.8101510525910883,806.1399999999953,350,2255,2.3032571428571296
T-1222-L-Lek1.wav,UNKNOWN,Student,0.2858499829679614,92.42000000000013,42,191,2.2004761904761936
T-1222-L-Lek2.wav,SPEAKER_00,Teacher,0.731186205713329,1106.5799999999979,405,3143,2.732296296296291
T-1222-L-Lek2.wav,SPEAKER_01,Student,0.2869681192201843,108.35999999999973,27,114,4.013333333333323
T-1222-L-Lek2.wav,SPEAKER_03,Student,0.229913346026973,87.8399999999995,49,250,1.7926530612244798
T-1222-L-Lek2.wav,SPEAKER_02,Student,0.1769433082369749,27.059999999999377,18,89,1.5033333333332988
T-1222-L-Lek2.wav,UNKNOWN,Student,0.16366079946856465,103.20000000000098,56,184,1.8428571428571605
T-1222-L-Tutor-1-1.wav,SPEAKER_02,Teacher,0.8130012150668285,375.2199999999988,215,1173,1.7452093023255757
T-1222-L-Tutor-1-1.wav,SPEAKER_00,Student,0.2629834160170184,24.899999999999906,22,71,1.1318181818181776
T-1222-L-Tutor-1-1.wav,UNKNOWN,Student,0.22467143635852782,19.879999999999647,23,50,0.8643478260869412
T-1222-L-Tutor-1-1.wav,SPEAKER_01,Student,0.20979013661813947,19.640000000000107,12,34,1.6366666666666756
T-1222-L-Tutor-1-4.wav,SPEAKER_00,Teacher,0.7948819866495764,361.1199999999995,216,1131,1.6718518518518495
T-1222-L-Tutor-1-4.wav,SPEAKER_01,Student,0.38339364937078785,100.5999999999995,55,278,1.8290909090909
T-1222-L-Tutor-1-4.wav,UNKNOWN,Student,0.12719517117108495,11.90000000000012,12,45,0.9916666666666766
T-1223-L-Lek1.wav,SPEAKER_01,Teacher,0.7230879285729788,1074.5999999999942,467,3014,2.301070663811551
T-1223-L-Lek1.wav,SPEAKER_02,Student,0.3105071322136327,105.18000000000029,27,202,3.8955555555555663
T-1223-L-Lek1.wav,SPEAKER_04,Student,0.27271975507835805,70.57999999999967,17,149,4.151764705882334
T-1223-L-Lek1.wav,SPEAKER_03,Student,0.20477941992307036,52.619999999998754,33,191,1.5945454545454167
T-1223-L-Lek1.wav,UNKNOWN,Student,0.1672164249920567,94.06000000000022,48,257,1.959583333333338
T-1223-L-Lek1.wav,SPEAKER_00,Student,0.07998451946050555,23.799999999999727,17,84,1.399999999999984
T-1223-L-Lek2.wav,SPEAKER_01,Teacher,0.8090440320925744,937.8199999999949,489,2829,1.9178323108384354
T-1223-L-Lek2.wav,SPEAKER_02,Student,0.3023502303942401,76.02000000000069,50,258,1.5204000000000137
T-1223-L-Lek2.wav,SPEAKER_00,Student,0.30066354634160763,60.780000000000115,39,255,1.5584615384615415
T-1223-L-Lek2.wav,UNKNOWN,Student,0.22915506316908263,92.66000000000042,63,269,1.4707936507936574
T-1223-L-Tutor-1-1.wav,SPEAKER_00,Teacher,0.7106955742527764,433.8599999999991,269,1279,1.6128624535315952
T-1223-L-Tutor-1-1.wav,UNKNOWN,Student,0.2505023700625932,13.45999999999998,4,22,3.364999999999995
T-1223-L-Tutor-1-1.wav,SPEAKER_01,Student,0.23804948347257707,69.36000000000013,40,210,1.734000000000003
T-1223-L-Tutor-1-4.wav,SPEAKER_00,Teacher,0.8168930072854532,467.4199999999993,308,1432,1.5175974025974002
T-1223-L-Tutor-1-4.wav,UNKNOWN,Student,0.11682968756243356,3.4400000000001967,4,8,0.8600000000000492
T-1225-L-Lek1.wav,SPEAKER_03,Teacher,0.6930938305823069,859.3199999999952,604,2996,1.4227152317880714
T-1225-L-Lek1.wav,SPEAKER_04,Student,0.28588029675324295,71.6599999999998,21,198,3.4123809523809427
T-1225-L-Lek1.wav,SPEAKER_01,Student,0.21869919205471214,32.360000000000184,9,103,3.595555555555576
T-1225-L-Lek1.wav,UNKNOWN,Student,0.20642685319099097,71.46000000000126,47,133,1.5204255319149205
T-1225-L-Lek1.wav,SPEAKER_05,Student,0.18668926784110965,79.33999999999983,46,248,1.7247826086956486
T-1225-L-Lek1.wav,SPEAKER_06,Student,0.16714517149679448,74.05999999999992,34,224,2.178235294117645
T-1225-L-Lek1.wav,SPEAKER_02,Student,0.16630712257057853,14.260000000000034,5,34,2.8520000000000065
T-1225-L-Lek1.wav,SPEAKER_00,Student,0.1396292686856823,8.259999999999991,5,29,1.6519999999999981
T-1225-L-Lek2.wav,SPEAKER_01,Teacher,0.7415750542800713,1240.1799999999944,519,3997,2.3895568400770606
T-1225-L-Lek2.wav,SPEAKER_04,Student,0.27502597571994436,88.17999999999978,24,244,3.6741666666666575
T-1225-L-Lek2.wav,SPEAKER_06,Student,0.24733711887408036,20.360000000000298,8,73,2.5450000000000372
T-1225-L-Lek2.wav,SPEAKER_03,Student,0.2286641518442228,55.43999999999937,29,213,1.9117241379310128
T-1225-L-Lek2.wav,SPEAKER_02,Student,0.22866089481997662,50.25999999999999,25,131,2.0103999999999997
T-1225-L-Lek2.wav,SPEAKER_05,Student,0.21085719033721007,55.89999999999958,21,174,2.661904761904742
T-1225-L-Lek2.wav,SPEAKER_00,Student,0.19663601545953668,56.64000000000067,20,140,2.8320000000000336
T-1225-L-Lek2.wav,UNKNOWN,Student,0.19212144544308193,66.48000000000133,37,107,1.7967567567567926
T-1225-L-Tutor-1-1.wav,SPEAKER_00,Teacher,0.8133015531293248,342.61999999999983,174,1133,1.969080459770114
T-1225-L-Tutor-1-1.wav,UNKNOWN,Student,0.3252768462519612,43.50000000000024,27,124,1.61111111111112
T-1225-L-Tutor-1-4.wav,SPEAKER_03,Teacher,0.748816173252791,459.17999999999824,240,1705,1.9132499999999928
T-1225-L-Tutor-1-4.wav,SPEAKER_04,Student,0.3165476273134757,94.15999999999997,33,237,2.853333333333332
T-1225-L-Tutor-1-4.wav,SPEAKER_02,Student,0.2599072694099753,21.43999999999977,11,74,1.9490909090908881
T-1225-L-Tutor-1-4.wav,SPEAKER_01,Student,0.19633143022140648,32.439999999999785,18,91,1.8022222222222102
T-1225-L-Tutor-1-4.wav,SPEAKER_00,Student,0.16545331230339505,28.29999999999984,15,118,1.886666666666656
T-1225-L-Tutor-1-4.wav,UNKNOWN,Student,0.08553660844933454,9.679999999999723,9,29,1.0755555555555247
T-2101-L-Lek1.wav,SPEAKER_01,Teacher,0.8175294918747813,1188.0399999999959,763,3068,1.5570642201834808
T-2101-L-Lek1.wav,SPEAKER_00,Student,0.27403425265145875,81.86000000000132,70,212,1.1694285714285904
T-2101-L-Lek1.wav,UNKNOWN,Student,0.23316353965302392,29.500000000000608,21,65,1.4047619047619337
T-2101-L-Lek2.wav,SPEAKER_01,Teacher,0.7603124929502743,838.5199999999998,425,2141,1.972988235294117
T-2101-L-Lek2.wav,SPEAKER_05,Student,0.2951946486088342,50.759999999999536,28,140,1.8128571428571263
T-2101-L-Lek2.wav,SPEAKER_08,Student,0.2832616689715935,50.4199999999998,31,143,1.6264516129032194
T-2101-L-Lek2.wav,UNKNOWN,Student,0.27392144905194205,145.5400000000003,96,301,1.5160416666666698
T-2101-L-Lek2.wav,SPEAKER_06,Student,0.26553881079119396,22.80000000000001,14,60,1.6285714285714294
T-2101-L-Lek2.wav,SPEAKER_09,Student,0.2653393636299195,22.680000000000177,14,67,1.6200000000000128
T-2101-L-Lek2.wav,SPEAKER_02,Student,0.2521299510308658,21.999999999999815,15,81,1.4666666666666544
T-2101-L-Lek2.wav,SPEAKER_00,Student,0.2504830738716315,32.22000000000011,19,68,1.6957894736842165
T-2101-L-Lek2.wav,SPEAKER_04,Student,0.23052830559547596,30.46000000000049,22,124,1.384545454545477
T-2101-L-Lek2.wav,SPEAKER_07,Student,0.22473212701167242,58.239999999999384,42,130,1.386666666666652
T-2101-L-Lek2.wav,SPEAKER_03,Student,0.2070799285943858,8.600000000000136,4,26,2.150000000000034
T-2101-L-Tutor-1-1.wav,SPEAKER_01,Teacher,0.7316668125638504,391.9999999999989,223,732,1.757847533632282
T-2101-L-Tutor-1-1.wav,SPEAKER_00,Student,0.6901863364370076,266.4199999999994,155,668,1.7188387096774154
T-2101-L-Tutor-1-1.wav,UNKNOWN,Student,0.2131128022002534,13.399999999999963,15,40,0.8933333333333309
T-2101-L-Tutor-1-4.wav,SPEAKER_06,Teacher,0.7878317274828955,634.4999999999999,297,1700,2.136363636363636
T-2101-L-Tutor-1-4.wav,SPEAKER_00,Student,0.3235651941883306,122.01999999999887,51,296,2.392549019607821
T-2101-L-Tutor-1-4.wav,SPEAKER_01,Student,0.2944144436680347,29.64000000000024,13,72,2.2800000000000185
T-2101-L-Tutor-1-4.wav,SPEAKER_03,Student,0.2769445266987945,120.82000000000028,64,257,1.8878125000000043
T-2101-L-Tutor-1-4.wav,SPEAKER_02,Student,0.22597928347807833,20.740000000000123,16,61,1.2962500000000077
T-2101-L-Tutor-1-4.wav,SPEAKER_05,Student,0.1773399064661375,15.740000000000066,8,44,1.9675000000000082
T-2101-L-Tutor-1-4.wav,SPEAKER_04,Student,0.11405629001301484,8.860000000000014,7,29,1.2657142857142876
T-2101-L-Tutor-1-4.wav,UNKNOWN,Student,0.09169579409790608,5.220000000000027,5,15,1.0440000000000054
T-2102-L-Lek1.wav,SPEAKER_02,Teacher,0.8078816875524785,577.5999999999954,399,1536,1.447619047619036
T-2102-L-Lek1.wav,SPEAKER_03,Student,0.4094015460200105,141.99999999999716,109,405,1.3027522935779556
T-2102-L-Lek1.wav,UNKNOWN,Student,0.33706128954465747,98.94000000000001,89,235,1.1116853932584272
T-2102-L-Lek1.wav,SPEAKER_01,Student,0.3034908921731353,44.49999999999886,37,104,1.202702702702672
T-2102-L-Lek1.wav,SPEAKER_00,Student,0.3033027498149169,35.220000000000496,28,82,1.2578571428571605
T-2102-L-Lek2.wav,SPEAKER_01,Teacher,0.8109164160380847,860.299999999996,544,2379,1.5814338235294043
T-2102-L-Lek2.wav,UNKNOWN,Student,0.3510003730972845,195.71999999999682,188,568,1.041063829787217
T-2102-L-Lek2.wav,SPEAKER_02,Student,0.31974805024103725,81.36000000000183,61,253,1.3337704918033086
T-2102-L-Lek2.wav,SPEAKER_03,Student,0.30943988661855426,97.95999999999901,84,311,1.1661904761904645
T-2102-L-Lek2.wav,SPEAKER_00,Student,0.25501120828508717,26.499999999999943,24,66,1.1041666666666643
T-2102-L-Tutor-1-1.wav,SPEAKER_00,Teacher,0.8090626911661417,257.7599999999998,161,704,1.6009937888198746
T-2102-L-Tutor-1-1.wav,SPEAKER_01,Student,0.5511267803105946,148.07999999999925,106,347,1.3969811320754646
T-2102-L-Tutor-1-1.wav,UNKNOWN,Student,0.21517761086959927,14.659999999999684,17,25,0.862352941176452
T-2102-L-Tutor-1-4.wav,SPEAKER_01,Teacher,0.8084317032040471,143.9399999999997,107,359,1.3452336448598103
T-2102-L-Tutor-1-4.wav,SPEAKER_02,Student,0.7285414606906863,131.77999999999918,111,303,1.1872072072071997
T-2102-L-Tutor-1-4.wav,SPEAKER_00,Student,0.25020986119503547,9.39999999999992,12,22,0.7833333333333267
T-2102-L-Tutor-1-4.wav,UNKNOWN,Student,0.21541485366714183,7.439999999999927,13,25,0.5723076923076866
T-2103-L-Lek1.wav,SPEAKER_01,Teacher,0.7324749230064018,1249.0399999999956,496,2864,2.5182258064516043
T-2103-L-Lek1.wav,SPEAKER_04,Student,0.21595871825739635,89.9600000000012,44,226,2.044545454545482
T-2103-L-Lek1.wav,SPEAKER_02,Student,0.20858799586633256,25.100000000000534,6,35,4.183333333333422
T-2103-L-Lek1.wav,SPEAKER_00,Student,0.20406527891062332,29.32000000000002,15,47,1.954666666666668
T-2103-L-Lek1.wav,SPEAKER_03,Student,0.19034013889775717,80.49999999999946,30,177,2.6833333333333154
T-2103-L-Lek1.wav,UNKNOWN,Student,0.15134129012836534,69.30000000000004,47,164,1.4744680851063838
T-2103-L-Lek2.wav,SPEAKER_00,Teacher,0.796413104529361,1108.2799999999982,485,3060,2.2851134020618518
T-2103-L-Lek2.wav,SPEAKER_02,Student,0.2779981506356431,109.95999999999952,61,356,1.8026229508196643
T-2103-L-Lek2.wav,SPEAKER_01,Student,0.2671364301340087,97.9400000000006,73,325,1.3416438356164464
T-2103-L-Lek2.wav,UNKNOWN,Student,0.1946311970924248,114.58000000000074,86,216,1.3323255813953574
T-2103-L-Tutor-1-1.wav,SPEAKER_00,Teacher,0.8100647345426264,360.08000000000055,177,1009,2.034350282485879
T-2103-L-Tutor-1-1.wav,SPEAKER_01,Student,0.4588489295285186,214.7399999999996,134,469,1.602537313432833
T-2103-L-Tutor-1-1.wav,UNKNOWN,Student,0.08272580072836414,9.239999999999917,13,23,0.7107692307692244
T-2103-L-Tutor-1-4.wav,SPEAKER_00,Teacher,0.8121493547584879,534.3599999999998,197,1374,2.712487309644669
T-2103-L-Tutor-1-4.wav,SPEAKER_02,Student,0.30602757836659866,58.87999999999955,30,151,1.9626666666666517
T-2103-L-Tutor-1-4.wav,SPEAKER_01,Student,0.275150140358175,112.10000000000053,55,261,2.038181818181828
T-2103-L-Tutor-1-4.wav,UNKNOWN,Student,0.08521243224638278,11.879999999999882,12,33,0.9899999999999901
T-2104-L-Lek1.wav,SPEAKER_00,Teacher,0.7386358011131388,1436.4999999999984,642,3682,2.237538940809966
T-2104-L-Lek1.wav,SPEAKER_03,Student,0.2627416819625886,22.1400000000001,6,54,3.690000000000017
T-2104-L-Lek1.wav,SPEAKER_02,Student,0.20450563208207348,89.07999999999947,43,284,2.071627906976732
T-2104-L-Lek1.wav,SPEAKER_04,Student,0.20111898206244655,24.599999999999795,14,51,1.7571428571428425
T-2104-L-Lek1.wav,SPEAKER_01,Student,0.18602542081725232,63.96000000000072,40,186,1.599000000000018
T-2104-L-Lek1.wav,UNKNOWN,Student,0.10904261575131911,79.96000000000014,67,212,1.1934328358208977
T-2104-L-Lek2.wav,SPEAKER_00,Teacher,0.8165931561681137,1298.939999999999,534,3077,2.4324719101123575
T-2104-L-Lek2.wav,SPEAKER_01,Student,0.28405538988659423,145.65999999999866,98,422,1.4863265306122313
T-2104-L-Lek2.wav,UNKNOWN,Student,0.17736006917261862,58.59999999999923,52,134,1.126923076923062
T-2104-L-Tutor-1-1.wav,SPEAKER_01,Teacher,0.8131239434113354,291.8799999999996,119,778,2.452773109243694
T-2104-L-Tutor-1-1.wav,SPEAKER_00,Student,0.4834498164481662,148.85999999999984,68,378,2.189117647058821
T-2104-L-Tutor-1-1.wav,UNKNOWN,Student,0.1433351732547569,3.899999999999931,9,12,0.4333333333333257
T-2104-L-Tutor-1-4.wav,SPEAKER_00,Teacher,0.7740479716760895,457.63999999999874,307,1150,1.4906840390879437
T-2104-L-Tutor-1-4.wav,SPEAKER_02,Student,0.2765680779666279,24.879999999999953,13,63,1.9138461538461502
T-2104-L-Tutor-1-4.wav,SPEAKER_04,Student,0.2512682711674659,30.860000000000124,18,69,1.7144444444444513
T-2104-L-Tutor-1-4.wav,SPEAKER_01,Student,0.2096003259135255,25.08000000000007,14,29,1.7914285714285765
T-2104-L-Tutor-1-4.wav,SPEAKER_03,Student,0.20556607703341198,45.75999999999991,31,113,1.4761290322580618
T-2104-L-Tutor-1-4.wav,UNKNOWN,Student,0.17734689738329174,37.24000000000217,29,102,1.2841379310345575
T-2105-L-Lek1.wav,SPEAKER_00,Teacher,0.7906112531367661,1308.2599999999916,816,4102,1.6032598039215582
T-2105-L-Lek1.wav,SPEAKER_02,Student,0.3149049040812094,41.879999999999995,23,102,1.8208695652173912
T-2105-L-Lek1.wav,SPEAKER_01,Student,0.29667594061856395,55.56000000000131,35,176,1.587428571428609
T-2105-L-Lek1.wav,SPEAKER_05,Student,0.28525624099138025,87.77999999999999,62,267,1.415806451612903
T-2105-L-Lek1.wav,SPEAKER_04,Student,0.2738589999795536,69.64000000000013,52,206,1.3392307692307717
T-2105-L-Lek1.wav,SPEAKER_06,Student,0.2685062902862744,51.59999999999759,38,144,1.357894736842042
T-2105-L-Lek1.wav,SPEAKER_07,Student,0.26169915972860114,60.1200000000004,33,150,1.821818181818194
T-2105-L-Lek1.wav,SPEAKER_03,Student,0.2520815223807859,54.680000000000234,42,165,1.3019047619047674
T-2105-L-Lek1.wav,UNKNOWN,Student,0.22601930746567925,42.65999999999946,43,135,0.9920930232558013
T-2105-L-Lek2.wav,SPEAKER_00,Teacher,0.8148111200464183,1048.4199999999992,583,2994,1.7983190394511135
T-2105-L-Lek2.wav,SPEAKER_03,Student,0.321508772016705,67.59999999999954,40,198,1.6899999999999884
T-2105-L-Lek2.wav,SPEAKER_02,Student,0.3040213624943676,42.9200000000004,24,127,1.78833333333335
T-2105-L-Lek2.wav,SPEAKER_04,Student,0.29468084610687045,24.58000000000014,15,76,1.638666666666676
T-2105-L-Lek2.wav,SPEAKER_05,Student,0.2852357409819006,50.4800000000002,35,143,1.4422857142857202
T-2105-L-Lek2.wav,SPEAKER_01,Student,0.2694402254322855,40.98000000000026,24,131,1.707500000000011
T-2105-L-Lek2.wav,UNKNOWN,Student,0.18854970823647216,65.62000000000224,61,189,1.0757377049180694
T-2105-L-Tutor-1-1.wav,SPEAKER_00,Teacher,0.8156992190644875,442.9,313,1491,1.4150159744408946
T-2105-L-Tutor-1-1.wav,SPEAKER_01,Student,0.4170580814791886,135.78000000000068,101,378,1.344356435643571
T-2105-L-Tutor-1-1.wav,UNKNOWN,Student,0.13284958933342694,5.399999999999686,6,13,0.8999999999999476
T-2105-L-Tutor-1-4.wav,SPEAKER_00,Teacher,0.8157416643450215,527.8999999999988,338,1652,1.5618343195266238
T-2105-L-Tutor-1-4.wav,SPEAKER_01,Student,0.2970486544428265,54.61999999999969,48,151,1.1379166666666602
T-2105-L-Tutor-1-4.wav,SPEAKER_02,Student,0.26328444821988145,40.859999999999985,38,104,1.0752631578947365
T-2105-L-Tutor-1-4.wav,UNKNOWN,Student,0.21637513087947025,11.559999999999981,14,29,0.8257142857142844
T-2106-L-Lek1.wav,SPEAKER_00,Teacher,0.7712586126686121,669.9999999999998,212,1242,3.160377358490565
T-2106-L-Lek1.wav,UNKNOWN,Student,0.27310170229963304,110.26000000000096,40,164,2.756500000000024
T-2106-L-Lek2.wav,SPEAKER_02,Teacher,0.8034716099382238,766.3599999999982,266,1796,2.8810526315789406
T-2106-L-Lek2.wav,SPEAKER_00,Student,0.2797774484807323,66.66000000000034,29,147,2.298620689655184
T-2106-L-Lek2.wav,UNKNOWN,Student,0.2361072992494853,110.86000000000168,67,201,1.6546268656716667
T-2106-L-Lek2.wav,SPEAKER_01,Student,0.22237109706368977,46.399999999998585,36,126,1.2888888888888497
T-2106-L-Tutor-1-1.wav,SPEAKER_00,Teacher,0.8066015135841454,171.3199999999998,98,591,1.7481632653061203
T-2106-L-Tutor-1-1.wav,SPEAKER_01,Student,0.45712771994144663,76.79999999999976,51,202,1.5058823529411718
T-2106-L-Tutor-1-1.wav,UNKNOWN,Student,0.13214069431527276,9.459999999999859,10,20,0.9459999999999859
T-2106-L-Tutor-1-4.wav,SPEAKER_00,Teacher,0.8097694108306411,258.77999999999946,112,635,2.3105357142857095
T-2106-L-Tutor-1-4.wav,SPEAKER_01,Student,0.30937058981411625,6.779999999999973,3,17,2.259999999999991
T-2106-L-Tutor-1-4.wav,UNKNOWN,Student,0.234469522852489,8.159999999999911,6,22,1.3599999999999852
T-2107-L-Lek1.wav,SPEAKER_01,Teacher,0.8040292830756681,1328.5199999999975,604,3424,2.1995364238410553
T-2107-L-Lek1.wav,SPEAKER_06,Student,0.269809144433631,107.39999999999839,58,314,1.8517241379310065
T-2107-L-Lek1.wav,SPEAKER_02,Student,0.26236399220171025,42.27999999999986,19,81,2.2252631578947293
T-2107-L-Lek1.wav,SPEAKER_03,Student,0.24767489508102827,30.13999999999919,19,75,1.5863157894736417
T-2107-L-Lek1.wav,SPEAKER_05,Student,0.24411243965929674,110.1999999999986,60,290,1.8366666666666434
T-2107-L-Lek1.wav,SPEAKER_04,Student,0.22626503054226405,67.57999999999993,29,178,2.330344827586204
T-2107-L-Lek1.wav,SPEAKER_00,Student,0.19958926613235034,11.379999999999654,5,24,2.275999999999931
T-2107-L-Lek1.wav,UNKNOWN,Student,0.15071619395229913,62.73999999999734,63,201,0.9958730158729736
T-2107-L-Lek2.wav,SPEAKER_00,Teacher,0.8053477175307338,1098.8599999999972,652,2918,1.685368098159505
T-2107-L-Lek2.wav,SPEAKER_07,Student,0.3067440320701916,28.16000000000014,17,76,1.6564705882353024
T-2107-L-Lek2.wav,SPEAKER_01,Student,0.28535909521708896,68.49999999999892,53,214,1.2924528301886589
T-2107-L-Lek2.wav,SPEAKER_02,Student,0.28343133588768726,43.1400000000002,31,124,1.3916129032258129
T-2107-L-Lek2.wav,UNKNOWN,Student,0.28335551429274686,54.17999999999974,40,140,1.3544999999999934
T-2107-L-Lek2.wav,SPEAKER_06,Student,0.27228455910044985,32.91999999999887,21,100,1.567619047618994
T-2107-L-Lek2.wav,SPEAKER_05,Student,0.25526163582405875,29.100000000000193,17,84,1.7117647058823644
T-2107-L-Lek2.wav,SPEAKER_04,Student,0.2043999276244095,19.67999999999995,12,58,1.639999999999996
T-2107-L-Lek2.wav,SPEAKER_08,Student,0.17607182926768988,15.539999999999736,12,51,1.294999999999978
T-2107-L-Lek2.wav,SPEAKER_03,Student,0.15267911186410735,16.120000000000942,13,46,1.2400000000000726
T-2107-L-Tutor-1-1.wav,SPEAKER_01,Teacher,0.81471742968488,440.5799999999999,283,1589,1.5568197879858654
T-2107-L-Tutor-1-1.wav,SPEAKER_00,Student,0.6092867968078639,333.24,241,1047,1.3827385892116182
T-2107-L-Tutor-1-1.wav,UNKNOWN,Student,0.1159437582818865,9.92000000000013,12,18,0.8266666666666774
T-2107-L-Tutor-1-4.wav,SPEAKER_00,Teacher,0.8199215785479382,529.0399999999995,316,1618,1.674177215189872
T-2107-L-Tutor-1-4.wav,SPEAKER_01,Student,0.3057484954199341,128.89999999999975,119,406,1.0831932773109223
T-2107-L-Tutor-1-4.wav,UNKNOWN,Student,0.06924306019247821,2.2399999999999807,4,7,0.5599999999999952
T-2108-L-Lek1.wav,SPEAKER_07,Teacher,0.781281741144043,949.7199999999996,488,3027,1.9461475409836058
T-2108-L-Lek1.wav,SPEAKER_04,Student,0.29197001089363667,32.04000000000019,14,96,2.288571428571442
T-2108-L-Lek1.wav,SPEAKER_00,Student,0.279599616789727,75.63999999999922,37,194,2.044324324324303
T-2108-L-Lek1.wav,UNKNOWN,Student,0.2613825800737325,101.73999999999992,82,293,1.2407317073170723
T-2108-L-Lek1.wav,SPEAKER_03,Student,0.26083639571092826,18.700000000000273,11,83,1.7000000000000248
T-2108-L-Lek1.wav,SPEAKER_01,Student,0.2582417879485617,75.06,43,259,1.7455813953488373
T-2108-L-Lek1.wav,SPEAKER_06,Student,0.24725558185707455,37.54000000000042,25,118,1.5016000000000167
T-2108-L-Lek1.wav,SPEAKER_05,Student,0.23764772049371855,45.74000000000029,25,157,1.8296000000000117
T-2108-L-Lek1.wav,SPEAKER_02,Student,0.21796419897810976,37.88000000000034,20,123,1.8940000000000168
T-2108-L-Lek2.wav,SPEAKER_00,Teacher,0.7542293000242438,739.6199999999973,336,2225,2.201249999999992
T-2108-L-Lek2.wav,SPEAKER_03,Student,0.28501842154572804,82.27999999999923,27,242,3.047407407407379
T-2108-L-Lek2.wav,SPEAKER_01,Student,0.2827969968385929,102.01999999999975,35,239,2.914857142857136
T-2108-L-Lek2.wav,UNKNOWN,Student,0.25720315510203967,81.32000000000193,50,151,1.6264000000000385
T-2108-L-Lek2.wav,SPEAKER_05,Student,0.24348779652939379,55.8599999999995,26,162,2.148461538461519
T-2108-L-Lek2.wav,SPEAKER_06,Student,0.22424608886248815,33.34,17,103,1.9611764705882355
T-2108-L-Lek2.wav,SPEAKER_04,Student,0.19170903064157171,15.579999999999984,6,58,2.596666666666664
T-2108-L-Lek2.wav,SPEAKER_02,Student,0.19082534389067765,36.360000000000355,18,109,2.0200000000000196
T-2108-L-Tutor-1-1.wav,SPEAKER_01,Teacher,0.7741563894650597,335.23999999999967,187,1069,1.792727272727271
T-2108-L-Tutor-1-1.wav,SPEAKER_00,Student,0.39153168556282464,123.0200000000001,56,262,2.196785714285716
T-2108-L-Tutor-1-1.wav,UNKNOWN,Student,0.08153685970649897,3.3999999999998636,4,4,0.8499999999999659
T-2108-L-Tutor-1-4.wav,SPEAKER_00,Teacher,0.7837359771321604,338.3599999999996,134,1075,2.5250746268656687
T-2108-L-Tutor-1-4.wav,SPEAKER_04,Student,0.3338459334059653,73.94000000000017,36,207,2.0538888888888938
T-2108-L-Tutor-1-4.wav,SPEAKER_03,Student,0.30328844353486517,39.960000000000036,19,114,2.103157894736844
T-2108-L-Tutor-1-4.wav,SPEAKER_01,Student,0.25641031945217957,43.5,15,89,2.9
T-2108-L-Tutor-1-4.wav,UNKNOWN,Student,0.18104124222637938,11.439999999999827,12,24,0.9533333333333189
T-2108-L-Tutor-1-4.wav,SPEAKER_02,Student,0.17317703463266818,13.34000000000006,6,39,2.2233333333333434
T-2109-L-Lek1.wav,SPEAKER_00,Teacher,0.7702237295538017,779.7800000000007,388,2313,2.0097422680412387
T-2109-L-Lek1.wav,SPEAKER_03,Student,0.33256822001843755,32.48000000000013,13,94,2.4984615384615485
T-2109-L-Lek1.wav,SPEAKER_05,Student,0.2887300449181864,75.80000000000109,44,239,1.7227272727272975
T-2109-L-Lek1.wav,SPEAKER_01,Student,0.2695272807493785,62.71999999999987,38,194,1.6505263157894703
T-2109-L-Lek1.wav,UNKNOWN,Student,0.26671852222987136,132.53999999999922,91,389,1.456483516483508
T-2109-L-Lek1.wav,SPEAKER_04,Student,0.22791864994329034,54.48000000000047,43,188,1.2669767441860575
T-2109-L-Lek1.wav,SPEAKER_06,Student,0.2232533740710139,69.64000000000055,31,184,2.2464516129032437
T-2109-L-Lek1.wav,SPEAKER_02,Student,0.15984990161491439,21.760000000000275,12,70,1.8133333333333563
T-2109-L-Lek2.wav,SPEAKER_00,Teacher,0.7968854825812651,814.5800000000002,399,2321,2.04155388471178
T-2109-L-Lek2.wav,SPEAKER_02,Student,0.3225819305897845,117.65999999999947,54,316,2.178888888888879
T-2109-L-Lek2.wav,SPEAKER_03,Student,0.288405385018849,56.759999999999536,35,195,1.6217142857142726
T-2109-L-Lek2.wav,UNKNOWN,Student,0.2768186019346068,124.0600000000011,90,297,1.3784444444444566
T-2109-L-Lek2.wav,SPEAKER_01,Student,0.2603143963592112,37.98000000000039,20,98,1.8990000000000193
T-2109-L-Tutor-1-1.wav,SPEAKER_00,Teacher,0.7644503483592522,284.75999999999897,156,767,1.8253846153846087
T-2109-L-Tutor-1-1.wav,SPEAKER_01,Student,0.4207416796863152,104.11999999999969,44,181,2.3663636363636296
T-2109-L-Tutor-1-1.wav,UNKNOWN,Student,0.07020128944628229,3.099999999999966,4,4,0.7749999999999915
T-2109-L-Tutor-1-4.wav,SPEAKER_00,Teacher,0.806666453954489,366.0399999999987,194,1077,1.8868041237113335
T-2109-L-Tutor-1-4.wav,SPEAKER_02,Student,0.5279666555278842,183.159999999999,96,425,1.9079166666666563
T-2109-L-Tutor-1-4.wav,SPEAKER_01,Student,0.25524155147971234,33.880000000000024,20,73,1.6940000000000013
T-2109-L-Tutor-1-4.wav,UNKNOWN,Student,0.17833928138590055,5.420000000000012,8,14,0.6775000000000015
T-2110-L-Lek1.wav,SPEAKER_00,Teacher,0.7784464458064995,1193.4799999999984,830,2763,1.4379277108433717
T-2110-L-Lek1.wav,UNKNOWN,Student,0.30363266066399386,93.56000000000103,53,170,1.7652830188679438
T-2110-L-Lek2.wav,SPEAKER_00,Teacher,0.7921942917202925,852.720000000002,563,2230,1.5146003552397904
T-2110-L-Lek2.wav,SPEAKER_01,Student,0.39533698955340946,208.239999999999,162,572,1.2854320987654257
T-2110-L-Lek2.wav,UNKNOWN,Student,0.2584777330436715,110.1400000000032,77,208,1.4303896103896518
T-2110-L-Tutor-1-1.wav,SPEAKER_00,Teacher,0.8170819628067575,515.7000000000002,231,1441,2.2324675324675334
T-2110-L-Tutor-1-1.wav,SPEAKER_01,Student,0.34985005116412415,130.13999999999942,98,361,1.3279591836734634
T-2110-L-Tutor-1-1.wav,UNKNOWN,Student,0.06651443281407374,5.939999999999827,9,25,0.6599999999999808
T-2110-L-Tutor-1-4.wav,SPEAKER_00,Teacher,0.8196193611274758,650.8399999999987,354,1699,1.8385310734463238
T-2110-L-Tutor-1-4.wav,UNKNOWN,Student,0.11413545539839125,15.759999999999934,17,43,0.9270588235294079
T-2111-L-Lek1.wav,SPEAKER_05,Teacher,0.7478679139290081,988.5000000000003,378,2512,2.615079365079366
T-2111-L-Lek1.wav,SPEAKER_00,Student,0.23161120166000898,37.699999999999875,10,62,3.7699999999999876
T-2111-L-Lek1.wav,SPEAKER_01,Student,0.22079682369584502,25.399999999999693,12,76,2.116666666666641
T-2111-L-Lek1.wav,SPEAKER_02,Student,0.20661104092496382,29.099999999999994,17,83,1.7117647058823526
T-2111-L-Lek1.wav,UNKNOWN,Student,0.20658984226312843,28.30000000000119,15,36,1.886666666666746
T-2111-L-Lek1.wav,SPEAKER_03,Student,0.1916705121330495,8.220000000000141,5,23,1.644000000000028
T-2111-L-Lek1.wav,SPEAKER_04,Student,0.1264473948970545,21.879999999999313,10,44,2.1879999999999313
T-2111-L-Lek2.wav,SPEAKER_00,Teacher,0.7643301262546159,1192.759999999997,347,2938,3.43734870317002
T-2111-L-Lek2.wav,SPEAKER_03,Student,0.30087276063849366,26.900000000000233,7,70,3.8428571428571763
T-2111-L-Lek2.wav,SPEAKER_01,Student,0.2993504496966844,133.06000000000017,42,253,3.1680952380952423
T-2111-L-Lek2.wav,SPEAKER_02,Student,0.29399799007481003,80.3400000000002,21,213,3.8257142857142954
T-2111-L-Lek2.wav,UNKNOWN,Student,0.18255276001896426,70.86000000000004,25,71,2.834400000000002
T-2111-L-Tutor-1-1.wav,SPEAKER_00,Teacher,0.808707066351779,263.27999999999986,110,787,2.3934545454545444
T-2111-L-Tutor-1-1.wav,SPEAKER_02,Student,0.44443646541625936,92.1799999999995,40,194,2.3044999999999876
T-2111-L-Tutor-1-1.wav,SPEAKER_01,Student,0.2512932831337784,21.57999999999994,12,30,1.7983333333333285
T-2111-L-Tutor-1-1.wav,UNKNOWN,Student,0.04435379072983681,2.380000000000024,5,6,0.47600000000000475
T-2111-L-Tutor-1-4.wav,SPEAKER_01,Teacher,0.7971024451029876,728.1400000000014,365,2072,1.9949041095890447
T-2111-L-Tutor-1-4.wav,SPEAKER_02,Student,0.32617267535006883,120.83999999999924,56,362,2.157857142857129
T-2111-L-Tutor-1-4.wav,SPEAKER_03,Student,0.26259504749165125,55.26000000000016,42,173,1.3157142857142896
T-2111-L-Tutor-1-4.wav,SPEAKER_00,Student,0.18924136238269285,23.739999999999696,18,64,1.3188888888888721
T-2111-L-Tutor-1-4.wav,UNKNOWN,Student,0.036955853281645676,2.9599999999999227,8,11,0.36999999999999034
T-2112-L-Lek1.wav,SPEAKER_01,Teacher,0.7256650922422172,1181.8000000000015,557,3589,2.1217235188509904
T-2112-L-Lek1.wav,SPEAKER_00,Student,0.2518605417877218,101.460000000001,39,243,2.601538461538487
T-2112-L-Lek1.wav,UNKNOWN,Student,0.15811299189224381,66.05999999999909,54,179,1.2233333333333165
T-2112-L-Lek2.wav,SPEAKER_00,Teacher,0.8097350668552504,1513.199999999997,524,3890,2.887786259541979
T-2112-L-Lek2.wav,SPEAKER_02,Student,0.2722061905571503,103.24000000000024,43,232,2.400930232558145
T-2112-L-Lek2.wav,UNKNOWN,Student,0.2127605971411218,108.69999999999891,74,178,1.4689189189189042
T-2112-L-Lek2.wav,SPEAKER_01,Student,0.20487908140239053,17.379999999999995,6,24,2.896666666666666
T-2112-L-Tutor-1-1.wav,SPEAKER_00,Teacher,0.817128241924844,457.5199999999993,297,1510,1.540471380471378
T-2112-L-Tutor-1-1.wav,SPEAKER_01,Student,0.3516219662459849,115.27999999999936,78,288,1.4779487179487099
T-2112-L-Tutor-1-1.wav,UNKNOWN,Student,0.07742117775119049,4.480000000000061,8,10,0.5600000000000076
T-2112-L-Tutor-1-4.wav,SPEAKER_00,Teacher,0.7741015741215469,580.2199999999974,386,1739,1.5031606217616513
T-2112-L-Tutor-1-4.wav,SPEAKER_02,Student,0.3202704483658567,149.83999999999995,106,373,1.4135849056603769
T-2112-L-Tutor-1-4.wav,SPEAKER_01,Student,0.20841089411356878,9.620000000000076,5,25,1.924000000000015
T-2112-L-Tutor-1-4.wav,UNKNOWN,Student,0.09017828213109245,7.199999999999704,9,19,0.7999999999999672
T-2113-L-Lek1.wav,SPEAKER_08,Teacher,0.7619190027019698,709.0999999999979,494,1973,1.4354251012145707
T-2113-L-Lek1.wav,UNKNOWN,Student,0.36803806288628854,209.0400000000028,155,637,1.3486451612903407
T-2113-L-Lek1.wav,SPEAKER_04,Student,0.31689816230370677,43.95999999999913,25,104,1.758399999999965
T-2113-L-Lek1.wav,SPEAKER_02,Student,0.29825957325120733,22.040000000000532,13,81,1.6953846153846563
T-2113-L-Lek1.wav,SPEAKER_06,Student,0.29226124789938845,41.339999999999804,22,92,1.8790909090909003
T-2113-L-Lek1.wav,SPEAKER_01,Student,0.2845311977385241,20.53999999999951,13,65,1.5799999999999623
T-2113-L-Lek1.wav,SPEAKER_03,Student,0.2545367293443826,75.04000000000022,53,228,1.4158490566037778
T-2113-L-Lek1.wav,SPEAKER_00,Student,0.24145360510525068,5.159999999999968,4,17,1.289999999999992
T-2113-L-Lek1.wav,SPEAKER_07,Student,0.2368807265926987,55.939999999999145,36,196,1.5538888888888651
T-2113-L-Lek1.wav,SPEAKER_05,Student,0.16641670827242902,34.099999999999795,25,56,1.3639999999999919
T-2113-L-Lek2.wav,SPEAKER_05,Teacher,0.6937483257739958,519.4199999999971,231,1244,2.2485714285714162
T-2113-L-Lek2.wav,SPEAKER_09,Student,0.3477384915217221,97.98000000000036,21,242,4.665714285714303
T-2113-L-Lek2.wav,SPEAKER_07,Student,0.29305042943195914,8.099999999999909,2,19,4.0499999999999545
T-2113-L-Lek2.wav,SPEAKER_08,Student,0.2860006516091754,29.020000000000124,8,49,3.6275000000000155
T-2113-L-Lek2.wav,SPEAKER_06,Student,0.2531204740888716,35.66000000000014,7,68,5.094285714285734
T-2113-L-Lek2.wav,SPEAKER_03,Student,0.2516364466227059,111.17999999999961,48,300,2.3162499999999917
T-2113-L-Lek2.wav,SPEAKER_10,Student,0.24832493202766862,122.09999999999971,62,297,1.9693548387096727
T-2113-L-Lek2.wav,SPEAKER_00,Student,0.23501895511152543,10.33999999999969,4,27,2.5849999999999227
T-2113-L-Lek2.wav,SPEAKER_11,Student,0.21132397504768097,43.60000000000059,10,80,4.360000000000059
T-2113-L-Lek2.wav,SPEAKER_04,Student,0.20621059329287972,23.760000000000502,11,46,2.160000000000046
T-2113-L-Lek2.wav,UNKNOWN,Student,0.20402646547460102,82.43999999999983,39,157,2.1138461538461493
T-2113-L-Lek2.wav,SPEAKER_12,Student,0.18659863206768174,24.199999999999932,15,60,1.6133333333333288
T-2113-L-Lek2.wav,SPEAKER_13,Student,0.108300757031943,8.179999999999836,5,21,1.6359999999999673
T-2113-L-Lek2.wav,SPEAKER_02,Student,0.1060858233037795,16.940000000000055,9,50,1.8822222222222282
T-2113-L-Tutor-1-1.wav,SPEAKER_01,Teacher,0.8090829654157468,248.69999999999962,159,824,1.564150943396224
T-2113-L-Tutor-1-1.wav,SPEAKER_00,Student,0.5020675437722946,149.95999999999955,97,354,1.5459793814432943
T-2113-L-Tutor-1-1.wav,UNKNOWN,Student,0.2714783205982909,13.339999999999776,11,40,1.2127272727272524
T-2113-L-Tutor-1-4.wav,SPEAKER_03,Teacher,0.7750759753045954,217.4999999999991,157,669,1.3853503184713318
T-2113-L-Tutor-1-4.wav,SPEAKER_01,Student,0.7503897439088065,192.7599999999999,147,627,1.3112925170068022
T-2113-L-Tutor-1-4.wav,SPEAKER_02,Student,0.541429734303398,105.7399999999998,78,320,1.355641025641023
T-2113-L-Tutor-1-4.wav,SPEAKER_00,Student,0.2234796791361178,12.299999999999898,9,27,1.3666666666666554
T-2113-L-Tutor-1-4.wav,UNKNOWN,Student,0.10475677740755213,3.959999999999809,6,12,0.6599999999999682
T-2114-L-Lek1.wav,SPEAKER_00,Teacher,0.7797712908189073,1247.8999999999892,627,3161,1.9902711323763782
T-2114-L-Lek1.wav,SPEAKER_04,Student,0.3142032186916459,35.89999999999974,15,84,2.393333333333316
T-2114-L-Lek1.wav,SPEAKER_01,Student,0.2666840919889676,44.359999999999104,25,115,1.7743999999999642
T-2114-L-Lek1.wav,SPEAKER_05,Student,0.2427700020895945,52.69999999999936,25,126,2.1079999999999743
T-2114-L-Lek1.wav,UNKNOWN,Student,0.23548385739472388,85.34000000000108,71,211,1.2019718309859309
T-2114-L-Lek1.wav,SPEAKER_02,Student,0.2260130941742737,58.30000000000034,30,125,1.9433333333333447
T-2114-L-Lek1.wav,SPEAKER_03,Student,0.13662787356724926,17.03999999999982,11,44,1.5490909090908929
T-2114-L-Lek2.wav,SPEAKER_00,Teacher,0.7727757064705927,888.7999999999984,472,2146,1.8830508474576237
T-2114-L-Lek2.wav,SPEAKER_02,Student,0.30194415276309733,88.16000000000071,38,140,2.3200000000000185
T-2114-L-Lek2.wav,UNKNOWN,Student,0.262676048080716,66.89999999999992,46,148,1.454347826086955
T-2114-L-Lek2.wav,SPEAKER_01,Student,0.24454407388519162,25.559999999999945,17,64,1.5035294117647027
T-2114-L-Lek2.wav,SPEAKER_03,Student,0.21349812761886922,43.37999999999974,28,101,1.549285714285705
T-2114-L-Tutor-1-1.wav,SPEAKER_01,Teacher,0.8120829531723917,328.3599999999999,197,1030,1.6668020304568523
T-2114-L-Tutor-1-1.wav,SPEAKER_00,Student,0.38145424901497976,101.37999999999998,76,215,1.3339473684210523
T-2114-L-Tutor-1-1.wav,UNKNOWN,Student,0.15214187952878255,2.3399999999998613,6,12,0.38999999999997687
T-2114-L-Tutor-1-4.wav,SPEAKER_01,Teacher,0.7933258216515467,478.7600000000001,338,1421,1.416449704142012
T-2114-L-Tutor-1-4.wav,SPEAKER_00,Student,0.31429345613136267,14.11999999999972,9,36,1.568888888888858
T-2114-L-Tutor-1-4.wav,UNKNOWN,Student,0.2828831954506774,37.57999999999954,33,93,1.138787878787865
T-2114-L-Tutor-1-4.wav,SPEAKER_04,Student,0.23839143833206317,35.65999999999954,27,93,1.3207407407407237
T-2114-L-Tutor-1-4.wav,SPEAKER_03,Student,0.18918041397941793,39.359999999999864,42,93,0.937142857142854
T-2114-L-Tutor-1-4.wav,SPEAKER_02,Student,0.1593523768043926,20.75999999999982,19,45,1.092631578947359
T-2115-L-Lek1.wav,SPEAKER_00,Teacher,0.8003241040064248,892.2000000000014,612,2785,1.4578431372549043
T-2115-L-Lek1.wav,SPEAKER_02,Student,0.33578832340498743,103.25999999999902,75,328,1.376799999999987
T-2115-L-Lek1.wav,SPEAKER_04,Student,0.3149940983809732,96.46000000000093,63,292,1.531111111111126
T-2115-L-Lek1.wav,UNKNOWN,Student,0.2741238113843374,118.42000000000064,113,383,1.0479646017699171
T-2115-L-Lek1.wav,SPEAKER_01,Student,0.2728587807254505,57.88000000000003,37,156,1.5643243243243252
T-2115-L-Lek1.wav,SPEAKER_03,Student,0.2601511368497462,93.95999999999897,72,306,1.3049999999999857
T-2115-L-Lek2.wav,SPEAKER_00,Teacher,0.7867592528117483,912.1599999999985,539,2698,1.6923191094619638
T-2115-L-Lek2.wav,SPEAKER_04,Student,0.35941296828426106,127.52000000000163,68,270,1.8752941176470828
T-2115-L-Lek2.wav,SPEAKER_01,Student,0.33710213087114815,71.54000000000025,37,174,1.9335135135135202
T-2115-L-Lek2.wav,SPEAKER_03,Student,0.2600073018234439,18.75999999999948,13,57,1.443076923076883
T-2115-L-Lek2.wav,UNKNOWN,Student,0.2497925272798087,77.54000000000265,60,166,1.2923333333333775
T-2115-L-Lek2.wav,SPEAKER_02,Student,0.23584962662727965,42.32000000000045,34,101,1.2447058823529544
T-2115-L-Tutor-1-1.wav,SPEAKER_00,Teacher,0.8143761786138337,322.0999999999998,248,1250,1.2987903225806443
T-2115-L-Tutor-1-1.wav,SPEAKER_01,Student,0.45142473163323177,130.55999999999992,114,403,1.145263157894736
T-2115-L-Tutor-1-1.wav,UNKNOWN,Student,0.06686930532855191,1.259999999999991,3,3,0.419999999999997
T-2115-L-Tutor-1-4.wav,SPEAKER_00,Teacher,0.8089541478547795,401.8199999999998,261,1523,1.539540229885057
T-2115-L-Tutor-1-4.wav,SPEAKER_01,Student,0.4139698443241752,121.00000000000031,92,395,1.3152173913043512
T-2115-L-Tutor-1-4.wav,SPEAKER_03,Student,0.3070600726602369,39.28000000000003,25,118,1.5712000000000013
T-2115-L-Tutor-1-4.wav,SPEAKER_02,Student,0.2766785290303872,56.89999999999972,49,158,1.1612244897959128
T-2115-L-Tutor-1-4.wav,UNKNOWN,Student,0.06641869614465984,2.5,5,5,0.5
T-2201-L-Lek1.wav,SPEAKER_05,Teacher,0.786152325679996,1085.559999999997,471,2654,2.3047983014861932
T-2201-L-Lek1.wav,SPEAKER_03,Student,0.258776200064115,36.98000000000013,14,66,2.641428571428581
T-2201-L-Lek1.wav,SPEAKER_01,Student,0.2561960298948153,19.260000000000105,10,64,1.9260000000000104
T-2201-L-Lek1.wav,UNKNOWN,Student,0.2503627896917799,53.34000000000049,23,108,2.31913043478263
T-2201-L-Lek1.wav,SPEAKER_00,Student,0.23249697003074352,27.679999999999836,16,64,1.7299999999999898
T-2201-L-Lek1.wav,SPEAKER_02,Student,0.2324943462738278,31.639999999999645,17,87,1.8611764705882143
T-2201-L-Lek1.wav,SPEAKER_04,Student,0.19818830305295926,37.10000000000093,19,96,1.9526315789474176
T-2201-L-Lek2.wav,SPEAKER_01,Teacher,0.7699864505100343,816.3399999999979,242,1746,3.373305785123958
T-2201-L-Lek2.wav,SPEAKER_03,Student,0.2611214915553573,37.7200000000004,14,74,2.694285714285743
T-2201-L-Lek2.wav,SPEAKER_00,Student,0.23077373823382616,56.59999999999957,33,182,1.715151515151502
T-2201-L-Lek2.wav,SPEAKER_04,Student,0.21637451184647544,27.23999999999944,7,54,3.8914285714284915
T-2201-L-Lek2.wav,SPEAKER_05,Student,0.21342951724317413,23.339999999999918,6,41,3.8899999999999864
T-2201-L-Lek2.wav,UNKNOWN,Student,0.1905523926311508,103.78000000000168,55,147,1.8869090909091215
T-2201-L-Lek2.wav,SPEAKER_02,Student,0.1904883175665882,29.480000000000018,18,86,1.6377777777777789
T-2201-L-Tutor-1-1.wav,SPEAKER_02,Teacher,0.8104539355992844,304.47999999999934,188,926,1.6195744680851027
T-2201-L-Tutor-1-1.wav,SPEAKER_01,Student,0.4924138248969511,175.25999999999965,114,348,1.5373684210526286
T-2201-L-Tutor-1-1.wav,SPEAKER_00,Student,0.14268985370506765,12.819999999999936,13,33,0.9861538461538413
T-2201-L-Tutor-1-1.wav,UNKNOWN,Student,0.09553450835874328,6.280000000000058,9,12,0.6977777777777843
T-2201-L-Tutor-1-4.wav,SPEAKER_00,Teacher,0.8149452323098634,704.9399999999994,351,1740,2.0083760683760667
T-2201-L-Tutor-1-4.wav,UNKNOWN,Student,0.07442300682027364,6.299999999999784,9,13,0.699999999999976
T-2202-L-Lek1.wav,SPEAKER_00,Teacher,0.8062063412901251,891.739999999997,526,2358,1.6953231939163442
T-2202-L-Lek1.wav,SPEAKER_01,Student,0.2893575186516103,16.699999999999704,11,63,1.5181818181817912
T-2202-L-Lek1.wav,SPEAKER_02,Student,0.2107303544057372,18.76000000000012,11,49,1.7054545454545562
T-2202-L-Lek1.wav,UNKNOWN,Student,0.19151302392668373,77.64000000000146,60,149,1.2940000000000245
T-2202-L-Lek2.wav,SPEAKER_00,Teacher,0.8098610129562133,1072.819999999996,343,2847,3.1277551020408048
T-2202-L-Lek2.wav,UNKNOWN,Student,0.26358464928024034,191.39999999999992,90,425,2.1266666666666656
T-2202-L-Tutor-1-1.wav,SPEAKER_01,Teacher,0.8124286604905729,338.97999999999985,158,985,2.1454430379746827
T-2202-L-Tutor-1-1.wav,SPEAKER_00,Student,0.42596255321342114,139.53999999999934,74,293,1.8856756756756667
T-2202-L-Tutor-1-4.wav,SPEAKER_00,Teacher,0.7012985949172401,631.5799999999981,218,1715,2.8971559633027435
T-2202-L-Tutor-1-4.wav,UNKNOWN,Student,0.25996530791197,18.300000000000296,3,10,6.100000000000098
T-2202-L-Tutor-1-4.wav,SPEAKER_02,Student,0.19146301980234734,90.45999999999933,55,223,1.6447272727272604
T-2202-L-Tutor-1-4.wav,SPEAKER_01,Student,0.13596622701107638,7.960000000000065,2,14,3.9800000000000324
T-2204-L-Lek1.wav,SPEAKER_03,Teacher,0.7189290873801889,819.6800000000004,328,1990,2.4990243902439038
T-2204-L-Lek1.wav,SPEAKER_06,Student,0.2647799078563081,114.09999999999762,34,201,3.3558823529411064
T-2204-L-Lek1.wav,UNKNOWN,Student,0.24786123177135067,128.6799999999992,91,341,1.4140659340659254
T-2204-L-Lek1.wav,SPEAKER_10,Student,0.24283994016520355,27.76000000000019,6,75,4.626666666666698
T-2204-L-Lek1.wav,SPEAKER_07,Student,0.22262946687032414,63.49999999999966,35,192,1.8142857142857045
T-2204-L-Lek1.wav,SPEAKER_08,Student,0.21943901682336917,62.179999999999694,35,189,1.7765714285714198
T-2204-L-Lek1.wav,SPEAKER_05,Student,0.21573155987112141,56.16000000000008,33,198,1.7018181818181843
T-2204-L-Lek1.wav,SPEAKER_04,Student,0.2003014195163862,32.15999999999963,18,99,1.786666666666646
T-2204-L-Lek1.wav,SPEAKER_00,Student,0.13237206270498791,16.919999999999845,6,39,2.819999999999974
T-2204-L-Lek1.wav,SPEAKER_01,Student,0.11882841459949978,49.31999999999948,24,107,2.0549999999999784
T-2204-L-Lek1.wav,SPEAKER_02,Student,0.1105060480058337,46.58000000000021,26,152,1.7915384615384697
T-2204-L-Lek1.wav,SPEAKER_09,Student,0.09121630560608869,22.480000000000246,13,76,1.7292307692307882
T-2204-L-Lek2.wav,SPEAKER_05,Teacher,0.7108383008920723,860.5199999999954,278,1916,3.095395683453221
T-2204-L-Lek2.wav,SPEAKER_03,Student,0.27303215517753465,38.4200000000003,6,91,6.403333333333383
T-2204-L-Lek2.wav,SPEAKER_01,Student,0.26239230620757537,167.900000000001,49,515,3.4265306122449184
T-2204-L-Lek2.wav,UNKNOWN,Student,0.25166896765014507,133.22000000000077,64,306,2.081562500000012
T-2204-L-Lek2.wav,SPEAKER_02,Student,0.22171924131754325,64.47999999999968,16,163,4.02999999999998
T-2204-L-Lek2.wav,SPEAKER_00,Student,0.16448742948822404,61.35999999999956,18,159,3.4088888888888644
T-2204-L-Lek2.wav,SPEAKER_04,Student,0.15185909933076217,11.200000000000045,8,38,1.4000000000000057
T-2204-L-Tutor-1-1.wav,SPEAKER_00,Teacher,0.7781176743145405,311.78000000000037,132,743,2.3619696969697
T-2204-L-Tutor-1-1.wav,SPEAKER_02,Student,0.7502976036550184,345.9600000000005,155,666,2.2320000000000033
T-2204-L-Tutor-1-1.wav,UNKNOWN,Student,0.1575559457881213,13.079999999999814,24,27,0.5449999999999923
T-2204-L-Tutor-1-1.wav,SPEAKER_01,Student,0.1353227640110327,11.10000000000008,8,29,1.38750000000001
T-2204-L-Tutor-1-4.wav,SPEAKER_00,Teacher,0.7584419274882575,293.7599999999999,179,810,1.6411173184357535
T-2204-L-Tutor-1-4.wav,SPEAKER_02,Student,0.5409768918204492,210.41999999999956,125,537,1.6833599999999964
T-2204-L-Tutor-1-4.wav,SPEAKER_01,Student,0.22531484277650957,15.399999999999892,7,37,2.1999999999999846
T-2204-L-Tutor-1-4.wav,UNKNOWN,Student,0.15371180957658992,4.439999999999969,9,16,0.4933333333333299
T-2205-L-Lek1.wav,SPEAKER_00,Teacher,0.7819780727122664,1135.8999999999953,512,3005,2.218554687499991
T-2205-L-Lek1.wav,SPEAKER_02,Student,0.27925115324905025,104.02000000000054,61,291,1.705245901639353
T-2205-L-Lek1.wav,SPEAKER_01,Student,0.26547301594522854,72.87999999999994,28,112,2.6028571428571405
T-2205-L-Lek1.wav,UNKNOWN,Student,0.16142796768118173,40.13999999999967,37,105,1.0848648648648558
T-2205-L-Lek2.wav,SPEAKER_00,Teacher,0.8105886099267597,1069.5799999999995,483,3050,2.2144513457556925
T-2205-L-Lek2.wav,SPEAKER_01,Student,0.2776674941722582,77.04000000000042,50,245,1.5408000000000084
T-2205-L-Lek2.wav,SPEAKER_02,Student,0.20846963188756046,89.39999999999918,54,293,1.6555555555555403
T-2205-L-Lek2.wav,UNKNOWN,Student,0.17640599401990023,66.64000000000073,65,153,1.0252307692307805
T-2205-L-Tutor-1-1.wav,SPEAKER_00,Teacher,0.8132195791833061,667.5999999999999,336,2021,1.9869047619047617
T-2205-L-Tutor-1-1.wav,SPEAKER_01,Student,0.1931316278491933,107.61999999999966,104,264,1.034807692307689
T-2205-L-Tutor-1-1.wav,UNKNOWN,Student,0.03994099020801751,1.5400000000000489,4,4,0.3850000000000122
T-2205-L-Tutor-1-4.wav,SPEAKER_00,Teacher,0.8122703742034203,538.8199999999997,241,1528,2.2357676348547706
T-2205-L-Tutor-1-4.wav,SPEAKER_01,Student,0.3270161294516529,109.77999999999932,75,245,1.4637333333333242
T-2205-L-Tutor-1-4.wav,UNKNOWN,Student,0.21190895190986764,16.140000000000157,15,47,1.0760000000000105
